/*
===========================================================================
Copyright (C) 1999 - 2005, Id Software, Inc.
Copyright (C) 2000 - 2013, Raven Software, Inc.
Copyright (C) 2001 - 2013, Activision, Inc.
Copyright (C) 2013 - 2015, OpenJK contributors

This file is part of the OpenJK source code.

OpenJK is free software; you can redistribute it and/or modify it
under the terms of the GNU General Public License version 2 as
published by the Free Software Foundation.

This program is distributed in the hope that it will be useful,
but WITHOUT ANY WARRANTY; without even the implied warranty of
MERCHANTABILITY or FITNESS FOR A PARTICULAR PURPOSE.  See the
GNU General Public License for more details.

You should have received a copy of the GNU General Public License
along with this program; if not, see <http://www.gnu.org/licenses/>.
===========================================================================
*/

// Generated by build_shaders.py -- do not edit.
// Compiled GXM programs; regenerate with the official psp2cgc.
// src-sha256 clear_f.cg d30032c0e2a6f26a603666714088dbb546675abeb5a194fe7681c696b7c9db6e
// src-sha256 clear_v.cg 1ad8667c0928560964078b35b1f54cb8eb1a8b72f49d1dbf2879b92248f89b64
// src-sha256 generic_f.cg 9067660f790a03b08686728d068239843036cfa0388a5b08b91646be04c57388
// src-sha256 generic_v.cg 6cf1640b2d4fe3d7fb336ad5041382e959a8f7e478f817935afa85ec782bd41e

#ifndef GXM_SHADERS_H
#define GXM_SHADERS_H

alignas(4) static const unsigned char gxs_clear_f[] = {
	0x47, 0x58, 0x50, 0x00, 0x01, 0x05, 0x50, 0x03, 0xe8, 0x00, 0x00, 0x00,
	0xa2, 0x55, 0x22, 0x3e, 0xc5, 0xac, 0x73, 0x1c, 0x01, 0x00, 0x18, 0x00,
	0x00, 0x00, 0x00, 0x10, 0x00, 0x00, 0x00, 0x00, 0x00, 0x00, 0x00, 0x00,
	0x01, 0x00, 0x00, 0x00, 0xa4, 0x00, 0x00, 0x00, 0x70, 0x00, 0x00, 0x00,
	0x02, 0x00, 0x04, 0x00, 0x00, 0x00, 0x00, 0x00, 0x00, 0x00, 0x01, 0x00,
	0x02, 0x00, 0x00, 0x00, 0x74, 0x00, 0x00, 0x00, 0x00, 0x00, 0x00, 0x00,
	0x68, 0x00, 0x00, 0x00, 0x64, 0x00, 0x00, 0x00, 0x00, 0x00, 0x00, 0x00,
	0x00, 0x00, 0x00, 0x00, 0x00, 0x00, 0x00, 0x00, 0x00, 0x00, 0x00, 0x00,
	0x00, 0x00, 0x00, 0x00, 0x04, 0x00, 0x00, 0x00, 0x5c, 0x00, 0x00, 0x00,
	0xc0, 0x3d, 0x03, 0x00, 0x00, 0x00, 0x00, 0x00, 0x50, 0x00, 0x00, 0x00,
	0x00, 0x00, 0x00, 0x00, 0x50, 0x00, 0x00, 0x00, 0x00, 0x00, 0x00, 0x00,
	0x40, 0x00, 0x00, 0x00, 0x00, 0x00, 0x00, 0x00, 0x38, 0x00, 0x00, 0x00,
	0x01, 0x00, 0x00, 0x00, 0x30, 0x00, 0x00, 0x00, 0x00, 0x00, 0x00, 0x00,
	0x00, 0x00, 0x00, 0x00, 0x00, 0x00, 0x00, 0x00, 0x00, 0x00, 0x01, 0x04,
	0x00, 0x00, 0x00, 0x00, 0x04, 0x00, 0x00, 0x00, 0x00, 0x00, 0x00, 0x00,
	0x00, 0x00, 0x00, 0x00, 0x00, 0x07, 0x44, 0xfa, 0x02, 0x80, 0x19, 0xf0,
	0x7e, 0x0d, 0x80, 0x40, 0x0e, 0x00, 0x00, 0x00, 0x00, 0x00, 0x04, 0x00,
	0x10, 0x00, 0x00, 0x00, 0x01, 0xe4, 0x00, 0x00, 0x01, 0x00, 0x00, 0x00,
	0x00, 0x00, 0x00, 0x00, 0x75, 0x43, 0x6c, 0x65, 0x61, 0x72, 0x43, 0x6f,
	0x6c, 0x6f, 0x72, 0x00,
};

alignas(4) static const unsigned char gxs_clear_v[] = {
	0x47, 0x58, 0x50, 0x00, 0x01, 0x05, 0x50, 0x03, 0xfa, 0x00, 0x00, 0x00,
	0xe7, 0x25, 0xad, 0x74, 0xd3, 0x2f, 0xdd, 0xb0, 0x04, 0x00, 0x19, 0x00,
	0x00, 0x00, 0x00, 0x00, 0x00, 0x00, 0x00, 0x00, 0x00, 0x00, 0x00, 0x00,
	0x01, 0x00, 0x00, 0x00, 0xb8, 0x00, 0x00, 0x00, 0x70, 0x00, 0x00, 0x00,
	0x04, 0x00, 0x00, 0x00, 0x00, 0x00, 0x00, 0x00, 0x00, 0x00, 0x01, 0x00,
	0x04, 0x00, 0x00, 0x00, 0x80, 0x00, 0x00, 0x00, 0x00, 0x00, 0x00, 0x00,
	0x74, 0x00, 0x00, 0x00, 0x70, 0x00, 0x00, 0x00, 0x00, 0x00, 0x00, 0x00,
	0x00, 0x00, 0x00, 0x00, 0x00, 0x00, 0x00, 0x00, 0x00, 0x00, 0x00, 0x00,
	0x00, 0x00, 0x00, 0x00, 0x00, 0x00, 0x00, 0x00, 0x78, 0x00, 0x00, 0x00,
	0xc0, 0x3d, 0x03, 0x00, 0x00, 0x00, 0x00, 0x00, 0x6c, 0x00, 0x00, 0x00,
	0x00, 0x00, 0x00, 0x00, 0x64, 0x00, 0x00, 0x00, 0x00, 0x00, 0x00, 0x00,
	0x5c, 0x00, 0x00, 0x00, 0x00, 0x00, 0x00, 0x00, 0x54, 0x00, 0x00, 0x00,
	0x00, 0x00, 0x00, 0x00, 0x4c, 0x00, 0x00, 0x00, 0x00, 0x00, 0x00, 0x00,
	0x03, 0x00, 0x00, 0x00, 0x00, 0x00, 0x00, 0x00, 0x00, 0x00, 0x00, 0x00,
	0x00, 0x00, 0x00, 0x00, 0x00, 0x10, 0x00, 0x04, 0x00, 0x00, 0x00, 0x00,
	0x00, 0x00, 0x00, 0x00, 0x00, 0x00, 0x00, 0x00, 0x00, 0x00, 0x00, 0x00,
	0x00, 0x00, 0x00, 0x00, 0x00, 0x07, 0x44, 0xfa, 0x01, 0x00, 0x04, 0x90,
	0x85, 0x11, 0xa5, 0x08, 0x01, 0x80, 0x56, 0x90, 0x81, 0x11, 0x83, 0x08,
	0x00, 0x00, 0x20, 0xa0, 0x00, 0x50, 0x27, 0xfb, 0x10, 0x00, 0x00, 0x00,
	0x00, 0x04, 0x0b, 0x00, 0x01, 0x00, 0x00, 0x00, 0x00, 0x00, 0x00, 0x00,
	0x61, 0x50, 0x6f, 0x73, 0x69, 0x74, 0x69, 0x6f, 0x6e, 0x00, 0x00, 0x00,
};

alignas(4) static const unsigned char gxs_generic_f_t0_e0_a0_f0[] = {
	0x47, 0x58, 0x50, 0x00, 0x01, 0x05, 0x50, 0x03, 0xcc, 0x00, 0x00, 0x00,
	0x0f, 0x88, 0xfc, 0xa9, 0x44, 0x88, 0x92, 0xee, 0x01, 0x10, 0x18, 0x00,
	0x00, 0x00, 0x00, 0x00, 0x00, 0x00, 0x00, 0x00, 0x00, 0x00, 0x00, 0x00,
	0x00, 0x00, 0x00, 0x00, 0xa4, 0x00, 0x00, 0x00, 0x70, 0x00, 0x00, 0x00,
	0x02, 0x00, 0x00, 0x00, 0x00, 0x00, 0x00, 0x00, 0x00, 0x00, 0x01, 0x00,
	0x01, 0x00, 0x00, 0x00, 0x84, 0x00, 0x00, 0x00, 0x00, 0x00, 0x00, 0x00,
	0x78, 0x00, 0x00, 0x00, 0x74, 0x00, 0x00, 0x00, 0x00, 0x00, 0x00, 0x00,
	0x00, 0x00, 0x00, 0x00, 0x00, 0x00, 0x00, 0x00, 0x00, 0x00, 0x00, 0x00,
	0x00, 0x00, 0x00, 0x00, 0x00, 0x00, 0x00, 0x00, 0x64, 0x00, 0x00, 0x00,
	0xc0, 0x3d, 0x03, 0x00, 0x00, 0x00, 0x00, 0x00, 0x58, 0x00, 0x00, 0x00,
	0x00, 0x00, 0x00, 0x00, 0x50, 0x00, 0x00, 0x00, 0x00, 0x00, 0x00, 0x00,
	0x48, 0x00, 0x00, 0x00, 0x00, 0x00, 0x00, 0x00, 0x40, 0x00, 0x00, 0x00,
	0x00, 0x00, 0x00, 0x00, 0x38, 0x00, 0x00, 0x00, 0x00, 0x00, 0x00, 0x00,
	0x00, 0x00, 0x00, 0x00, 0x00, 0x00, 0x00, 0x00, 0x00, 0x00, 0x01, 0x04,
	0x01, 0x00, 0x00, 0x00, 0x04, 0x00, 0x00, 0x00, 0x0f, 0xa0, 0xc0, 0x2e,
	0x00, 0x00, 0x00, 0x00, 0x10, 0x00, 0x00, 0x00, 0x00, 0x00, 0x00, 0x00,
	0x00, 0x00, 0x00, 0x00, 0x00, 0x00, 0x00, 0x00, 0x00, 0x07, 0x44, 0xfa,
};

alignas(4) static const unsigned char gxs_generic_f_t0_e0_a0_f1[] = {
	0x47, 0x58, 0x50, 0x00, 0x01, 0x05, 0x50, 0x03, 0x1e, 0x01, 0x00, 0x00,
	0x49, 0x5c, 0xb6, 0x14, 0x44, 0x89, 0x93, 0x19, 0x05, 0x10, 0x18, 0x00,
	0x00, 0x00, 0x00, 0x10, 0x00, 0x00, 0x00, 0x00, 0x00, 0x00, 0x00, 0x00,
	0x01, 0x00, 0x00, 0x00, 0xdc, 0x00, 0x00, 0x00, 0x70, 0x00, 0x00, 0x00,
	0x03, 0x00, 0x04, 0x00, 0x02, 0x00, 0x00, 0x00, 0x00, 0x00, 0x01, 0x00,
	0x04, 0x00, 0x00, 0x00, 0x9c, 0x00, 0x00, 0x00, 0x01, 0x00, 0x00, 0x00,
	0x88, 0x00, 0x00, 0x00, 0x8c, 0x00, 0x00, 0x00, 0x00, 0x00, 0x00, 0x00,
	0x00, 0x00, 0x00, 0x00, 0x00, 0x00, 0x00, 0x00, 0x00, 0x00, 0x00, 0x00,
	0x00, 0x00, 0x00, 0x00, 0x04, 0x00, 0x00, 0x00, 0x94, 0x00, 0x00, 0x00,
	0xc0, 0x3d, 0x03, 0x00, 0x00, 0x00, 0x00, 0x00, 0x88, 0x00, 0x00, 0x00,
	0x00, 0x00, 0x00, 0x00, 0x88, 0x00, 0x00, 0x00, 0x00, 0x00, 0x00, 0x00,
	0x78, 0x00, 0x00, 0x00, 0x00, 0x00, 0x00, 0x00, 0x70, 0x00, 0x00, 0x00,
	0x01, 0x00, 0x00, 0x00, 0x68, 0x00, 0x00, 0x00, 0x00, 0x00, 0x00, 0x00,
	0x00, 0x00, 0x00, 0x00, 0x00, 0x00, 0x00, 0x00, 0x00, 0x00, 0x01, 0x04,
	0x02, 0x00, 0x00, 0x00, 0x04, 0x00, 0x00, 0x00, 0x0f, 0xa0, 0xc0, 0x2c,
	0x00, 0x00, 0x00, 0x00, 0x10, 0x00, 0x00, 0x00, 0x00, 0x00, 0x00, 0x00,
	0x0f, 0x20, 0x00, 0x2e, 0x00, 0x00, 0x00, 0x00, 0x00, 0x00, 0x00, 0x00,
	0x00, 0x00, 0x00, 0x00, 0x02, 0x80, 0x01, 0xa0, 0x7e, 0x0d, 0x84, 0x40,
	0x00, 0x00, 0x00, 0x00, 0x00, 0x00, 0x00, 0x00, 0x00, 0x07, 0x44, 0xfa,
	0x00, 0x10, 0x00, 0xe0, 0x84, 0x92, 0x80, 0x04, 0x40, 0x00, 0x00, 0x80,
	0xa4, 0x82, 0xa0, 0x04, 0x00, 0x80, 0x36, 0x80, 0x8a, 0xf7, 0xa4, 0x10,
	0x0e, 0x00, 0x00, 0x00, 0x00, 0x00, 0x04, 0x00, 0x10, 0x00, 0x00, 0x00,
	0x01, 0xe4, 0x00, 0x00, 0x01, 0x00, 0x00, 0x00, 0x00, 0x00, 0x00, 0x00,
	0x75, 0x46, 0x6f, 0x67, 0x43, 0x6f, 0x6c, 0x6f, 0x72, 0x00, 0x00, 0x00,
};

alignas(4) static const unsigned char gxs_generic_f_t0_e0_a1_f0[] = {
	0x47, 0x58, 0x50, 0x00, 0x01, 0x05, 0x50, 0x03, 0x00, 0x01, 0x00, 0x00,
	0xb5, 0xee, 0x76, 0x49, 0x44, 0x89, 0x93, 0x20, 0x0d, 0x10, 0x18, 0x00,
	0x00, 0x00, 0x00, 0x00, 0x00, 0x00, 0x00, 0x00, 0x00, 0x00, 0x00, 0x00,
	0x00, 0x00, 0x00, 0x00, 0xd8, 0x00, 0x00, 0x00, 0x70, 0x00, 0x00, 0x00,
	0x02, 0x00, 0x01, 0x00, 0x00, 0x00, 0x00, 0x00, 0x00, 0x00, 0x02, 0x00,
	0x05, 0x00, 0x00, 0x00, 0x88, 0x00, 0x00, 0x00, 0x00, 0x00, 0x00, 0x00,
	0x78, 0x00, 0x00, 0x00, 0x74, 0x00, 0x00, 0x00, 0x00, 0x00, 0x00, 0x00,
	0x00, 0x00, 0x00, 0x00, 0x00, 0x00, 0x00, 0x00, 0x01, 0x00, 0x00, 0x00,
	0x00, 0x00, 0x00, 0x00, 0x00, 0x00, 0x00, 0x00, 0x90, 0x00, 0x00, 0x00,
	0xc0, 0x3d, 0x03, 0x00, 0x01, 0x00, 0x00, 0x00, 0x7c, 0x00, 0x00, 0x00,
	0x00, 0x00, 0x00, 0x00, 0x84, 0x00, 0x00, 0x00, 0x00, 0x00, 0x00, 0x00,
	0x74, 0x00, 0x00, 0x00, 0x00, 0x00, 0x00, 0x00, 0x6c, 0x00, 0x00, 0x00,
	0x01, 0x00, 0x00, 0x00, 0x64, 0x00, 0x00, 0x00, 0x00, 0x00, 0x00, 0x00,
	0x00, 0x00, 0x00, 0x00, 0x00, 0x00, 0x00, 0x00, 0x00, 0x00, 0x01, 0x04,
	0x01, 0x00, 0x00, 0x00, 0x04, 0x00, 0x00, 0x00, 0x0f, 0xa0, 0xc0, 0x2e,
	0x00, 0x00, 0x00, 0x00, 0x10, 0x00, 0x00, 0x00, 0x00, 0x00, 0x00, 0x00,
	0x00, 0x00, 0x00, 0x00, 0x04, 0x00, 0x00, 0x00, 0x00, 0x00, 0x00, 0x00,
	0x00, 0x01, 0x44, 0xfa, 0x00, 0x80, 0x03, 0x90, 0xb5, 0x4a, 0x89, 0x48,
	0x00, 0x00, 0x00, 0xf0, 0x06, 0x04, 0x30, 0xf9, 0x00, 0x00, 0x00, 0x00,
	0x40, 0x01, 0x04, 0xf8, 0x00, 0x00, 0x00, 0x00, 0x00, 0x07, 0x44, 0xfa,
	0x00, 0x00, 0x00, 0x00, 0x00, 0xe0, 0x00, 0x00, 0x13, 0x00, 0x00, 0x00,
	0x00, 0x00, 0x01, 0x00,
};

alignas(4) static const unsigned char gxs_generic_f_t0_e0_a1_f1[] = {
	0x47, 0x58, 0x50, 0x00, 0x01, 0x05, 0x50, 0x03, 0x52, 0x01, 0x00, 0x00,
	0xf3, 0xc4, 0x2d, 0x22, 0x44, 0x8a, 0x93, 0x4b, 0x0d, 0x10, 0x18, 0x00,
	0x00, 0x00, 0x00, 0x10, 0x00, 0x00, 0x00, 0x00, 0x00, 0x00, 0x00, 0x00,
	0x01, 0x00, 0x00, 0x00, 0x10, 0x01, 0x00, 0x00, 0x70, 0x00, 0x00, 0x00,
	0x03, 0x00, 0x05, 0x00, 0x02, 0x00, 0x00, 0x00, 0x00, 0x00, 0x02, 0x00,
	0x08, 0x00, 0x00, 0x00, 0xa0, 0x00, 0x00, 0x00, 0x01, 0x00, 0x00, 0x00,
	0x88, 0x00, 0x00, 0x00, 0x8c, 0x00, 0x00, 0x00, 0x00, 0x00, 0x00, 0x00,
	0x00, 0x00, 0x00, 0x00, 0x00, 0x00, 0x00, 0x00, 0x01, 0x00, 0x00, 0x00,
	0x00, 0x00, 0x00, 0x00, 0x04, 0x00, 0x00, 0x00, 0xc0, 0x00, 0x00, 0x00,
	0xc0, 0x3d, 0x03, 0x00, 0x01, 0x00, 0x00, 0x00, 0xac, 0x00, 0x00, 0x00,
	0x00, 0x00, 0x00, 0x00, 0xbc, 0x00, 0x00, 0x00, 0x00, 0x00, 0x00, 0x00,
	0xa4, 0x00, 0x00, 0x00, 0x00, 0x00, 0x00, 0x00, 0x9c, 0x00, 0x00, 0x00,
	0x02, 0x00, 0x00, 0x00, 0x94, 0x00, 0x00, 0x00, 0x00, 0x00, 0x00, 0x00,
	0x00, 0x00, 0x00, 0x00, 0x00, 0x00, 0x00, 0x00, 0x00, 0x00, 0x01, 0x04,
	0x02, 0x00, 0x00, 0x00, 0x04, 0x00, 0x00, 0x00, 0x0f, 0xa0, 0xc0, 0x2c,
	0x00, 0x00, 0x00, 0x00, 0x10, 0x00, 0x00, 0x00, 0x00, 0x00, 0x00, 0x00,
	0x0f, 0x20, 0x00, 0x2e, 0x00, 0x00, 0x00, 0x00, 0x00, 0x00, 0x00, 0x00,
	0x00, 0x00, 0x00, 0x00, 0x02, 0x80, 0x01, 0xa0, 0x7e, 0x0d, 0x84, 0x40,
	0x00, 0x00, 0x00, 0x00, 0x04, 0x00, 0x00, 0x00, 0x00, 0x00, 0x00, 0x00,
	0x00, 0x01, 0x44, 0xfa, 0x00, 0x80, 0x03, 0x90, 0xb5, 0x4a, 0x89, 0x48,
	0x04, 0x02, 0x00, 0xf0, 0x06, 0x04, 0x30, 0xf9, 0x00, 0x00, 0x00, 0x00,
	0x40, 0x01, 0x04, 0xf8, 0x00, 0x00, 0x00, 0x00, 0x00, 0x07, 0x44, 0xfa,
	0x00, 0x10, 0x00, 0xe0, 0x84, 0x92, 0x80, 0x04, 0x40, 0x00, 0x00, 0x80,
	0xa4, 0x82, 0xa0, 0x04, 0x00, 0x80, 0x36, 0x80, 0x8a, 0xf7, 0xa4, 0x10,
	0x00, 0x00, 0x00, 0x00, 0x00, 0xe0, 0x00, 0x00, 0x0e, 0x00, 0x00, 0x00,
	0x00, 0x00, 0x04, 0x00, 0x13, 0x00, 0x00, 0x00, 0x04, 0x00, 0x01, 0x00,
	0x10, 0x00, 0x00, 0x00, 0x01, 0xe4, 0x00, 0x00, 0x01, 0x00, 0x00, 0x00,
	0x00, 0x00, 0x00, 0x00, 0x75, 0x46, 0x6f, 0x67, 0x43, 0x6f, 0x6c, 0x6f,
	0x72, 0x00, 0x00, 0x00,
};

alignas(4) static const unsigned char gxs_generic_f_t0_e0_a2_f0[] = {
	0x47, 0x58, 0x50, 0x00, 0x01, 0x05, 0x50, 0x03, 0x10, 0x01, 0x00, 0x00,
	0x31, 0x43, 0xa3, 0x7e, 0x44, 0x8a, 0x93, 0x52, 0x0d, 0x10, 0x18, 0x00,
	0x00, 0x00, 0x00, 0x00, 0x00, 0x00, 0x00, 0x00, 0x00, 0x00, 0x00, 0x00,
	0x00, 0x00, 0x00, 0x00, 0xe8, 0x00, 0x00, 0x00, 0x70, 0x00, 0x00, 0x00,
	0x02, 0x00, 0x03, 0x00, 0x00, 0x00, 0x00, 0x00, 0x00, 0x00, 0x02, 0x00,
	0x05, 0x00, 0x00, 0x00, 0x88, 0x00, 0x00, 0x00, 0x00, 0x00, 0x00, 0x00,
	0x78, 0x00, 0x00, 0x00, 0x74, 0x00, 0x00, 0x00, 0x00, 0x00, 0x00, 0x00,
	0x00, 0x00, 0x00, 0x00, 0x00, 0x00, 0x00, 0x00, 0x03, 0x00, 0x00, 0x00,
	0x00, 0x00, 0x00, 0x00, 0x00, 0x00, 0x00, 0x00, 0xa0, 0x00, 0x00, 0x00,
	0xc0, 0x3d, 0x03, 0x00, 0x03, 0x00, 0x00, 0x00, 0x7c, 0x00, 0x00, 0x00,
	0x00, 0x00, 0x00, 0x00, 0x94, 0x00, 0x00, 0x00, 0x00, 0x00, 0x00, 0x00,
	0x84, 0x00, 0x00, 0x00, 0x00, 0x00, 0x00, 0x00, 0x7c, 0x00, 0x00, 0x00,
	0x01, 0x00, 0x00, 0x00, 0x74, 0x00, 0x00, 0x00, 0x00, 0x00, 0x00, 0x00,
	0x00, 0x00, 0x00, 0x00, 0x00, 0x00, 0x00, 0x00, 0x00, 0x00, 0x01, 0x04,
	0x01, 0x00, 0x00, 0x00, 0x04, 0x00, 0x00, 0x00, 0x0f, 0xa0, 0xc0, 0x2e,
	0x00, 0x00, 0x00, 0x00, 0x10, 0x00, 0x00, 0x00, 0x00, 0x00, 0x00, 0x00,
	0x00, 0x00, 0x00, 0x00, 0x04, 0x00, 0x00, 0x00, 0x00, 0x00, 0x00, 0x00,
	0x00, 0x01, 0x44, 0xfa, 0x01, 0x80, 0x03, 0xb0, 0xb5, 0x46, 0x88, 0x48,
	0x00, 0x00, 0x00, 0xf0, 0x06, 0x04, 0x30, 0xf9, 0x00, 0x00, 0x00, 0x00,
	0x40, 0x01, 0x04, 0xf8, 0x00, 0x00, 0x00, 0x00, 0x00, 0x07, 0x44, 0xfa,
	0x01, 0x00, 0x00, 0x00, 0xff, 0xff, 0xff, 0xff, 0x02, 0x00, 0x00, 0x00,
	0x00, 0x38, 0x00, 0x00, 0x00, 0x00, 0x00, 0x00, 0x00, 0xe0, 0x00, 0x00,
	0x13, 0x00, 0x00, 0x00, 0x00, 0x00, 0x03, 0x00,
};

alignas(4) static const unsigned char gxs_generic_f_t0_e0_a2_f1[] = {
	0x47, 0x58, 0x50, 0x00, 0x01, 0x05, 0x50, 0x03, 0x62, 0x01, 0x00, 0x00,
	0x71, 0x19, 0xfe, 0xcb, 0x44, 0x8b, 0x93, 0x7d, 0x0d, 0x10, 0x18, 0x00,
	0x00, 0x00, 0x00, 0x10, 0x00, 0x00, 0x00, 0x00, 0x00, 0x00, 0x00, 0x00,
	0x01, 0x00, 0x00, 0x00, 0x20, 0x01, 0x00, 0x00, 0x70, 0x00, 0x00, 0x00,
	0x03, 0x00, 0x07, 0x00, 0x02, 0x00, 0x00, 0x00, 0x00, 0x00, 0x02, 0x00,
	0x08, 0x00, 0x00, 0x00, 0xa0, 0x00, 0x00, 0x00, 0x01, 0x00, 0x00, 0x00,
	0x88, 0x00, 0x00, 0x00, 0x8c, 0x00, 0x00, 0x00, 0x00, 0x00, 0x00, 0x00,
	0x00, 0x00, 0x00, 0x00, 0x00, 0x00, 0x00, 0x00, 0x03, 0x00, 0x00, 0x00,
	0x00, 0x00, 0x00, 0x00, 0x04, 0x00, 0x00, 0x00, 0xd0, 0x00, 0x00, 0x00,
	0xc0, 0x3d, 0x03, 0x00, 0x03, 0x00, 0x00, 0x00, 0xac, 0x00, 0x00, 0x00,
	0x00, 0x00, 0x00, 0x00, 0xcc, 0x00, 0x00, 0x00, 0x00, 0x00, 0x00, 0x00,
	0xb4, 0x00, 0x00, 0x00, 0x00, 0x00, 0x00, 0x00, 0xac, 0x00, 0x00, 0x00,
	0x02, 0x00, 0x00, 0x00, 0xa4, 0x00, 0x00, 0x00, 0x00, 0x00, 0x00, 0x00,
	0x00, 0x00, 0x00, 0x00, 0x00, 0x00, 0x00, 0x00, 0x00, 0x00, 0x01, 0x04,
	0x02, 0x00, 0x00, 0x00, 0x04, 0x00, 0x00, 0x00, 0x0f, 0xa0, 0xc0, 0x2c,
	0x00, 0x00, 0x00, 0x00, 0x10, 0x00, 0x00, 0x00, 0x00, 0x00, 0x00, 0x00,
	0x0f, 0x20, 0x00, 0x2e, 0x00, 0x00, 0x00, 0x00, 0x00, 0x00, 0x00, 0x00,
	0x00, 0x00, 0x00, 0x00, 0x02, 0x80, 0x01, 0xa0, 0x7e, 0x0d, 0x84, 0x40,
	0x00, 0x00, 0x00, 0x00, 0x04, 0x00, 0x00, 0x00, 0x00, 0x00, 0x00, 0x00,
	0x00, 0x01, 0x44, 0xfa, 0x03, 0x80, 0x03, 0xb0, 0xb5, 0x46, 0x88, 0x48,
	0x04, 0x02, 0x00, 0xf0, 0x06, 0x04, 0x30, 0xf9, 0x00, 0x00, 0x00, 0x00,
	0x40, 0x01, 0x04, 0xf8, 0x00, 0x00, 0x00, 0x00, 0x00, 0x07, 0x44, 0xfa,
	0x00, 0x10, 0x00, 0xe0, 0x84, 0x92, 0x80, 0x04, 0x40, 0x00, 0x00, 0x80,
	0xa4, 0x82, 0xa0, 0x04, 0x00, 0x80, 0x36, 0x80, 0x8a, 0xf7, 0xa4, 0x10,
	0x01, 0x00, 0x00, 0x00, 0xff, 0xff, 0xff, 0xff, 0x02, 0x00, 0x00, 0x00,
	0x00, 0x38, 0x00, 0x00, 0x00, 0x00, 0x00, 0x00, 0x00, 0xe0, 0x00, 0x00,
	0x0e, 0x00, 0x00, 0x00, 0x00, 0x00, 0x04, 0x00, 0x13, 0x00, 0x00, 0x00,
	0x04, 0x00, 0x03, 0x00, 0x10, 0x00, 0x00, 0x00, 0x01, 0xe4, 0x00, 0x00,
	0x01, 0x00, 0x00, 0x00, 0x00, 0x00, 0x00, 0x00, 0x75, 0x46, 0x6f, 0x67,
	0x43, 0x6f, 0x6c, 0x6f, 0x72, 0x00, 0x00, 0x00,
};

alignas(4) static const unsigned char gxs_generic_f_t0_e0_a3_f0[] = {
	0x47, 0x58, 0x50, 0x00, 0x01, 0x05, 0x50, 0x03, 0x10, 0x01, 0x00, 0x00,
	0xb1, 0x45, 0xa3, 0xc9, 0x44, 0x8b, 0x93, 0x84, 0x0d, 0x10, 0x18, 0x00,
	0x00, 0x00, 0x00, 0x00, 0x00, 0x00, 0x00, 0x00, 0x00, 0x00, 0x00, 0x00,
	0x00, 0x00, 0x00, 0x00, 0xe8, 0x00, 0x00, 0x00, 0x70, 0x00, 0x00, 0x00,
	0x02, 0x00, 0x03, 0x00, 0x00, 0x00, 0x00, 0x00, 0x00, 0x00, 0x02, 0x00,
	0x05, 0x00, 0x00, 0x00, 0x88, 0x00, 0x00, 0x00, 0x00, 0x00, 0x00, 0x00,
	0x78, 0x00, 0x00, 0x00, 0x74, 0x00, 0x00, 0x00, 0x00, 0x00, 0x00, 0x00,
	0x00, 0x00, 0x00, 0x00, 0x00, 0x00, 0x00, 0x00, 0x03, 0x00, 0x00, 0x00,
	0x00, 0x00, 0x00, 0x00, 0x00, 0x00, 0x00, 0x00, 0xa0, 0x00, 0x00, 0x00,
	0xc0, 0x3d, 0x03, 0x00, 0x03, 0x00, 0x00, 0x00, 0x7c, 0x00, 0x00, 0x00,
	0x00, 0x00, 0x00, 0x00, 0x94, 0x00, 0x00, 0x00, 0x00, 0x00, 0x00, 0x00,
	0x84, 0x00, 0x00, 0x00, 0x00, 0x00, 0x00, 0x00, 0x7c, 0x00, 0x00, 0x00,
	0x01, 0x00, 0x00, 0x00, 0x74, 0x00, 0x00, 0x00, 0x00, 0x00, 0x00, 0x00,
	0x00, 0x00, 0x00, 0x00, 0x00, 0x00, 0x00, 0x00, 0x00, 0x00, 0x01, 0x04,
	0x01, 0x00, 0x00, 0x00, 0x04, 0x00, 0x00, 0x00, 0x0f, 0xa0, 0xc0, 0x2e,
	0x00, 0x00, 0x00, 0x00, 0x10, 0x00, 0x00, 0x00, 0x00, 0x00, 0x00, 0x00,
	0x00, 0x00, 0x00, 0x00, 0x04, 0x00, 0x00, 0x00, 0x00, 0x00, 0x00, 0x00,
	0x00, 0x01, 0x44, 0xfa, 0x01, 0x80, 0x03, 0xb0, 0x35, 0x49, 0x88, 0x48,
	0x00, 0x00, 0x00, 0xf0, 0x06, 0x04, 0x30, 0xf9, 0x00, 0x00, 0x00, 0x00,
	0x40, 0x01, 0x04, 0xf8, 0x00, 0x00, 0x00, 0x00, 0x00, 0x07, 0x44, 0xfa,
	0x01, 0x00, 0x00, 0x00, 0xff, 0xff, 0xff, 0xff, 0x02, 0x00, 0x00, 0x00,
	0x00, 0x38, 0x00, 0x00, 0x00, 0x00, 0x00, 0x00, 0x00, 0xe0, 0x00, 0x00,
	0x13, 0x00, 0x00, 0x00, 0x00, 0x00, 0x03, 0x00,
};

alignas(4) static const unsigned char gxs_generic_f_t0_e0_a3_f1[] = {
	0x47, 0x58, 0x50, 0x00, 0x01, 0x05, 0x50, 0x03, 0x62, 0x01, 0x00, 0x00,
	0xf1, 0x1b, 0xff, 0x61, 0x44, 0x8c, 0x93, 0xaf, 0x0d, 0x10, 0x18, 0x00,
	0x00, 0x00, 0x00, 0x10, 0x00, 0x00, 0x00, 0x00, 0x00, 0x00, 0x00, 0x00,
	0x01, 0x00, 0x00, 0x00, 0x20, 0x01, 0x00, 0x00, 0x70, 0x00, 0x00, 0x00,
	0x03, 0x00, 0x07, 0x00, 0x02, 0x00, 0x00, 0x00, 0x00, 0x00, 0x02, 0x00,
	0x08, 0x00, 0x00, 0x00, 0xa0, 0x00, 0x00, 0x00, 0x01, 0x00, 0x00, 0x00,
	0x88, 0x00, 0x00, 0x00, 0x8c, 0x00, 0x00, 0x00, 0x00, 0x00, 0x00, 0x00,
	0x00, 0x00, 0x00, 0x00, 0x00, 0x00, 0x00, 0x00, 0x03, 0x00, 0x00, 0x00,
	0x00, 0x00, 0x00, 0x00, 0x04, 0x00, 0x00, 0x00, 0xd0, 0x00, 0x00, 0x00,
	0xc0, 0x3d, 0x03, 0x00, 0x03, 0x00, 0x00, 0x00, 0xac, 0x00, 0x00, 0x00,
	0x00, 0x00, 0x00, 0x00, 0xcc, 0x00, 0x00, 0x00, 0x00, 0x00, 0x00, 0x00,
	0xb4, 0x00, 0x00, 0x00, 0x00, 0x00, 0x00, 0x00, 0xac, 0x00, 0x00, 0x00,
	0x02, 0x00, 0x00, 0x00, 0xa4, 0x00, 0x00, 0x00, 0x00, 0x00, 0x00, 0x00,
	0x00, 0x00, 0x00, 0x00, 0x00, 0x00, 0x00, 0x00, 0x00, 0x00, 0x01, 0x04,
	0x02, 0x00, 0x00, 0x00, 0x04, 0x00, 0x00, 0x00, 0x0f, 0xa0, 0xc0, 0x2c,
	0x00, 0x00, 0x00, 0x00, 0x10, 0x00, 0x00, 0x00, 0x00, 0x00, 0x00, 0x00,
	0x0f, 0x20, 0x00, 0x2e, 0x00, 0x00, 0x00, 0x00, 0x00, 0x00, 0x00, 0x00,
	0x00, 0x00, 0x00, 0x00, 0x02, 0x80, 0x01, 0xa0, 0x7e, 0x0d, 0x84, 0x40,
	0x00, 0x00, 0x00, 0x00, 0x04, 0x00, 0x00, 0x00, 0x00, 0x00, 0x00, 0x00,
	0x00, 0x01, 0x44, 0xfa, 0x03, 0x80, 0x03, 0xb0, 0x35, 0x49, 0x88, 0x48,
	0x04, 0x02, 0x00, 0xf0, 0x06, 0x04, 0x30, 0xf9, 0x00, 0x00, 0x00, 0x00,
	0x40, 0x01, 0x04, 0xf8, 0x00, 0x00, 0x00, 0x00, 0x00, 0x07, 0x44, 0xfa,
	0x00, 0x10, 0x00, 0xe0, 0x84, 0x92, 0x80, 0x04, 0x40, 0x00, 0x00, 0x80,
	0xa4, 0x82, 0xa0, 0x04, 0x00, 0x80, 0x36, 0x80, 0x8a, 0xf7, 0xa4, 0x10,
	0x01, 0x00, 0x00, 0x00, 0xff, 0xff, 0xff, 0xff, 0x02, 0x00, 0x00, 0x00,
	0x00, 0x38, 0x00, 0x00, 0x00, 0x00, 0x00, 0x00, 0x00, 0xe0, 0x00, 0x00,
	0x0e, 0x00, 0x00, 0x00, 0x00, 0x00, 0x04, 0x00, 0x13, 0x00, 0x00, 0x00,
	0x04, 0x00, 0x03, 0x00, 0x10, 0x00, 0x00, 0x00, 0x01, 0xe4, 0x00, 0x00,
	0x01, 0x00, 0x00, 0x00, 0x00, 0x00, 0x00, 0x00, 0x75, 0x46, 0x6f, 0x67,
	0x43, 0x6f, 0x6c, 0x6f, 0x72, 0x00, 0x00, 0x00,
};

alignas(4) static const unsigned char gxs_generic_f_t0_e0_a4_f0[] = {
	0x47, 0x58, 0x50, 0x00, 0x01, 0x05, 0x50, 0x03, 0x10, 0x01, 0x00, 0x00,
	0xb1, 0x47, 0xa3, 0xdd, 0x44, 0x8c, 0x93, 0xb6, 0x0d, 0x10, 0x18, 0x00,
	0x00, 0x00, 0x00, 0x00, 0x00, 0x00, 0x00, 0x00, 0x00, 0x00, 0x00, 0x00,
	0x00, 0x00, 0x00, 0x00, 0xe8, 0x00, 0x00, 0x00, 0x70, 0x00, 0x00, 0x00,
	0x02, 0x00, 0x03, 0x00, 0x00, 0x00, 0x00, 0x00, 0x00, 0x00, 0x02, 0x00,
	0x05, 0x00, 0x00, 0x00, 0x88, 0x00, 0x00, 0x00, 0x00, 0x00, 0x00, 0x00,
	0x78, 0x00, 0x00, 0x00, 0x74, 0x00, 0x00, 0x00, 0x00, 0x00, 0x00, 0x00,
	0x00, 0x00, 0x00, 0x00, 0x00, 0x00, 0x00, 0x00, 0x03, 0x00, 0x00, 0x00,
	0x00, 0x00, 0x00, 0x00, 0x00, 0x00, 0x00, 0x00, 0xa0, 0x00, 0x00, 0x00,
	0xc0, 0x3d, 0x03, 0x00, 0x03, 0x00, 0x00, 0x00, 0x7c, 0x00, 0x00, 0x00,
	0x00, 0x00, 0x00, 0x00, 0x94, 0x00, 0x00, 0x00, 0x00, 0x00, 0x00, 0x00,
	0x84, 0x00, 0x00, 0x00, 0x00, 0x00, 0x00, 0x00, 0x7c, 0x00, 0x00, 0x00,
	0x01, 0x00, 0x00, 0x00, 0x74, 0x00, 0x00, 0x00, 0x00, 0x00, 0x00, 0x00,
	0x00, 0x00, 0x00, 0x00, 0x00, 0x00, 0x00, 0x00, 0x00, 0x00, 0x01, 0x04,
	0x01, 0x00, 0x00, 0x00, 0x04, 0x00, 0x00, 0x00, 0x0f, 0xa0, 0xc0, 0x2e,
	0x00, 0x00, 0x00, 0x00, 0x10, 0x00, 0x00, 0x00, 0x00, 0x00, 0x00, 0x00,
	0x00, 0x00, 0x00, 0x00, 0x04, 0x00, 0x00, 0x00, 0x00, 0x00, 0x00, 0x00,
	0x00, 0x01, 0x44, 0xfa, 0x01, 0x80, 0x03, 0xb0, 0x35, 0x49, 0x88, 0x48,
	0x00, 0x00, 0x00, 0xf0, 0x06, 0x04, 0x30, 0xf9, 0x00, 0x00, 0x00, 0x00,
	0x40, 0x01, 0x04, 0xf8, 0x00, 0x00, 0x00, 0x00, 0x00, 0x07, 0x44, 0xfa,
	0x01, 0x00, 0x00, 0x00, 0xff, 0xff, 0xff, 0xff, 0x02, 0x00, 0x00, 0x00,
	0x00, 0x3a, 0x00, 0x00, 0x00, 0x00, 0x00, 0x00, 0x00, 0xe0, 0x00, 0x00,
	0x13, 0x00, 0x00, 0x00, 0x00, 0x00, 0x03, 0x00,
};

alignas(4) static const unsigned char gxs_generic_f_t0_e0_a4_f1[] = {
	0x47, 0x58, 0x50, 0x00, 0x01, 0x05, 0x50, 0x03, 0x62, 0x01, 0x00, 0x00,
	0xf1, 0x1d, 0xff, 0x99, 0x44, 0x8d, 0x93, 0xe1, 0x0d, 0x10, 0x18, 0x00,
	0x00, 0x00, 0x00, 0x10, 0x00, 0x00, 0x00, 0x00, 0x00, 0x00, 0x00, 0x00,
	0x01, 0x00, 0x00, 0x00, 0x20, 0x01, 0x00, 0x00, 0x70, 0x00, 0x00, 0x00,
	0x03, 0x00, 0x07, 0x00, 0x02, 0x00, 0x00, 0x00, 0x00, 0x00, 0x02, 0x00,
	0x08, 0x00, 0x00, 0x00, 0xa0, 0x00, 0x00, 0x00, 0x01, 0x00, 0x00, 0x00,
	0x88, 0x00, 0x00, 0x00, 0x8c, 0x00, 0x00, 0x00, 0x00, 0x00, 0x00, 0x00,
	0x00, 0x00, 0x00, 0x00, 0x00, 0x00, 0x00, 0x00, 0x03, 0x00, 0x00, 0x00,
	0x00, 0x00, 0x00, 0x00, 0x04, 0x00, 0x00, 0x00, 0xd0, 0x00, 0x00, 0x00,
	0xc0, 0x3d, 0x03, 0x00, 0x03, 0x00, 0x00, 0x00, 0xac, 0x00, 0x00, 0x00,
	0x00, 0x00, 0x00, 0x00, 0xcc, 0x00, 0x00, 0x00, 0x00, 0x00, 0x00, 0x00,
	0xb4, 0x00, 0x00, 0x00, 0x00, 0x00, 0x00, 0x00, 0xac, 0x00, 0x00, 0x00,
	0x02, 0x00, 0x00, 0x00, 0xa4, 0x00, 0x00, 0x00, 0x00, 0x00, 0x00, 0x00,
	0x00, 0x00, 0x00, 0x00, 0x00, 0x00, 0x00, 0x00, 0x00, 0x00, 0x01, 0x04,
	0x02, 0x00, 0x00, 0x00, 0x04, 0x00, 0x00, 0x00, 0x0f, 0xa0, 0xc0, 0x2c,
	0x00, 0x00, 0x00, 0x00, 0x10, 0x00, 0x00, 0x00, 0x00, 0x00, 0x00, 0x00,
	0x0f, 0x20, 0x00, 0x2e, 0x00, 0x00, 0x00, 0x00, 0x00, 0x00, 0x00, 0x00,
	0x00, 0x00, 0x00, 0x00, 0x02, 0x80, 0x01, 0xa0, 0x7e, 0x0d, 0x84, 0x40,
	0x00, 0x00, 0x00, 0x00, 0x04, 0x00, 0x00, 0x00, 0x00, 0x00, 0x00, 0x00,
	0x00, 0x01, 0x44, 0xfa, 0x03, 0x80, 0x03, 0xb0, 0x35, 0x49, 0x88, 0x48,
	0x04, 0x02, 0x00, 0xf0, 0x06, 0x04, 0x30, 0xf9, 0x00, 0x00, 0x00, 0x00,
	0x40, 0x01, 0x04, 0xf8, 0x00, 0x00, 0x00, 0x00, 0x00, 0x07, 0x44, 0xfa,
	0x00, 0x10, 0x00, 0xe0, 0x84, 0x92, 0x80, 0x04, 0x40, 0x00, 0x00, 0x80,
	0xa4, 0x82, 0xa0, 0x04, 0x00, 0x80, 0x36, 0x80, 0x8a, 0xf7, 0xa4, 0x10,
	0x01, 0x00, 0x00, 0x00, 0xff, 0xff, 0xff, 0xff, 0x02, 0x00, 0x00, 0x00,
	0x00, 0x3a, 0x00, 0x00, 0x00, 0x00, 0x00, 0x00, 0x00, 0xe0, 0x00, 0x00,
	0x0e, 0x00, 0x00, 0x00, 0x00, 0x00, 0x04, 0x00, 0x13, 0x00, 0x00, 0x00,
	0x04, 0x00, 0x03, 0x00, 0x10, 0x00, 0x00, 0x00, 0x01, 0xe4, 0x00, 0x00,
	0x01, 0x00, 0x00, 0x00, 0x00, 0x00, 0x00, 0x00, 0x75, 0x46, 0x6f, 0x67,
	0x43, 0x6f, 0x6c, 0x6f, 0x72, 0x00, 0x00, 0x00,
};

alignas(4) static const unsigned char gxs_generic_f_t1_e0_a0_f0[] = {
	0x47, 0x58, 0x50, 0x00, 0x01, 0x05, 0x50, 0x03, 0x0a, 0x01, 0x00, 0x00,
	0xdd, 0x66, 0xb4, 0x8e, 0x44, 0x89, 0x93, 0x2f, 0x05, 0x18, 0x18, 0x00,
	0x00, 0x00, 0x00, 0x00, 0x01, 0x00, 0x00, 0x00, 0x00, 0x00, 0x00, 0x00,
	0x01, 0x00, 0x00, 0x00, 0xac, 0x00, 0x00, 0x00, 0x70, 0x00, 0x00, 0x00,
	0x04, 0x00, 0x00, 0x00, 0x00, 0x00, 0x00, 0x00, 0x00, 0x00, 0x01, 0x00,
	0x02, 0x00, 0x00, 0x00, 0x84, 0x00, 0x00, 0x00, 0x00, 0x00, 0x00, 0x00,
	0x78, 0x00, 0x00, 0x00, 0x74, 0x00, 0x00, 0x00, 0x00, 0x00, 0x00, 0x00,
	0x00, 0x00, 0x00, 0x00, 0x00, 0x00, 0x00, 0x00, 0x00, 0x00, 0x00, 0x00,
	0x00, 0x00, 0x00, 0x00, 0x00, 0x00, 0x00, 0x00, 0x6c, 0x00, 0x00, 0x00,
	0xc0, 0x3d, 0x03, 0x00, 0x00, 0x00, 0x00, 0x00, 0x60, 0x00, 0x00, 0x00,
	0x00, 0x00, 0x00, 0x00, 0x58, 0x00, 0x00, 0x00, 0x00, 0x00, 0x00, 0x00,
	0x50, 0x00, 0x00, 0x00, 0x00, 0x00, 0x00, 0x00, 0x48, 0x00, 0x00, 0x00,
	0x00, 0x00, 0x00, 0x00, 0x40, 0x00, 0x00, 0x00, 0x4c, 0x00, 0x00, 0x00,
	0x00, 0x00, 0x00, 0x00, 0x00, 0x00, 0x00, 0x00, 0x00, 0x00, 0x01, 0x04,
	0x01, 0x00, 0x01, 0x00, 0x04, 0x00, 0x00, 0x00, 0x00, 0xa9, 0xc0, 0x2e,
	0x00, 0x00, 0x00, 0x00, 0x50, 0x00, 0x00, 0x00, 0x20, 0x00, 0x00, 0x00,
	0x00, 0x00, 0x00, 0x00, 0x00, 0x00, 0x00, 0x00, 0x00, 0x07, 0x44, 0xfa,
	0x40, 0x00, 0x04, 0xa0, 0x86, 0x47, 0xa4, 0x10, 0x30, 0x00, 0x00, 0x00,
	0x02, 0x04, 0x02, 0x00, 0x01, 0x00, 0x00, 0x00, 0x00, 0x00, 0x00, 0x00,
	0x02, 0x03, 0x00, 0x00, 0x00, 0x00, 0x00, 0x00, 0x00, 0x00, 0x00, 0x00,
	0x00, 0x00, 0x00, 0x00, 0x00, 0x00, 0x00, 0x00, 0x00, 0x00, 0x00, 0x00,
	0x00, 0x00, 0x00, 0x00, 0x00, 0x00, 0x00, 0x00, 0x75, 0x54, 0x65, 0x78,
	0x30, 0x00, 0x00, 0x00,
};

alignas(4) static const unsigned char gxs_generic_f_t1_e0_a0_f1[] = {
	0x47, 0x58, 0x50, 0x00, 0x01, 0x05, 0x50, 0x03, 0x5c, 0x01, 0x00, 0x00,
	0xf8, 0xbb, 0xe1, 0x55, 0x44, 0x8a, 0x93, 0x5a, 0x05, 0x18, 0x18, 0x00,
	0x00, 0x00, 0x00, 0x10, 0x01, 0x00, 0x00, 0x00, 0x00, 0x00, 0x00, 0x00,
	0x02, 0x00, 0x00, 0x00, 0xe4, 0x00, 0x00, 0x00, 0x70, 0x00, 0x00, 0x00,
	0x05, 0x00, 0x04, 0x00, 0x00, 0x00, 0x00, 0x00, 0x00, 0x00, 0x01, 0x00,
	0x05, 0x00, 0x00, 0x00, 0x9c, 0x00, 0x00, 0x00, 0x01, 0x00, 0x00, 0x00,
	0x88, 0x00, 0x00, 0x00, 0x8c, 0x00, 0x00, 0x00, 0x00, 0x00, 0x00, 0x00,
	0x00, 0x00, 0x00, 0x00, 0x00, 0x00, 0x00, 0x00, 0x00, 0x00, 0x00, 0x00,
	0x00, 0x00, 0x00, 0x00, 0x04, 0x00, 0x00, 0x00, 0x9c, 0x00, 0x00, 0x00,
	0xc0, 0x3d, 0x03, 0x00, 0x00, 0x00, 0x00, 0x00, 0x90, 0x00, 0x00, 0x00,
	0x00, 0x00, 0x00, 0x00, 0x90, 0x00, 0x00, 0x00, 0x00, 0x00, 0x00, 0x00,
	0x80, 0x00, 0x00, 0x00, 0x00, 0x00, 0x00, 0x00, 0x78, 0x00, 0x00, 0x00,
	0x01, 0x00, 0x00, 0x00, 0x70, 0x00, 0x00, 0x00, 0x94, 0x00, 0x00, 0x00,
	0x00, 0x00, 0x00, 0x00, 0x00, 0x00, 0x00, 0x00, 0x00, 0x00, 0x01, 0x04,
	0x02, 0x00, 0x01, 0x00, 0x04, 0x00, 0x00, 0x00, 0x00, 0xa9, 0xc0, 0x2c,
	0x00, 0x00, 0x00, 0x00, 0x50, 0x00, 0x00, 0x00, 0x20, 0x00, 0x00, 0x00,
	0x0f, 0x20, 0x00, 0x2e, 0x00, 0x00, 0x00, 0x00, 0x00, 0x00, 0x00, 0x00,
	0x00, 0x00, 0x00, 0x00, 0x02, 0x80, 0x01, 0xa0, 0x7e, 0x0d, 0x84, 0x40,
	0x00, 0x00, 0x00, 0x00, 0x00, 0x00, 0x00, 0x00, 0x00, 0x07, 0x44, 0xfa,
	0x40, 0x00, 0x44, 0xa0, 0x86, 0x47, 0xa4, 0x10, 0x01, 0x20, 0x00, 0xe0,
	0x86, 0x92, 0x80, 0x04, 0x40, 0x20, 0x00, 0xa0, 0xa6, 0x92, 0x80, 0x04,
	0x40, 0x80, 0x36, 0xa0, 0x8a, 0xf7, 0xa4, 0x10, 0x0e, 0x00, 0x00, 0x00,
	0x00, 0x00, 0x04, 0x00, 0x40, 0x00, 0x00, 0x00, 0x01, 0xe4, 0x00, 0x00,
	0x01, 0x00, 0x00, 0x00, 0x00, 0x00, 0x00, 0x00, 0x3a, 0x00, 0x00, 0x00,
	0x02, 0x04, 0x02, 0x00, 0x01, 0x00, 0x00, 0x00, 0x00, 0x00, 0x00, 0x00,
	0x02, 0x03, 0x00, 0x00, 0x00, 0x00, 0x00, 0x00, 0x00, 0x00, 0x00, 0x00,
	0x00, 0x00, 0x00, 0x00, 0x00, 0x00, 0x00, 0x00, 0x00, 0x00, 0x00, 0x00,
	0x00, 0x00, 0x00, 0x00, 0x00, 0x00, 0x00, 0x00, 0x75, 0x46, 0x6f, 0x67,
	0x43, 0x6f, 0x6c, 0x6f, 0x72, 0x00, 0x75, 0x54, 0x65, 0x78, 0x30, 0x00,
};

alignas(4) static const unsigned char gxs_generic_f_t1_e0_a1_f0[] = {
	0x47, 0x58, 0x50, 0x00, 0x01, 0x05, 0x50, 0x03, 0x3e, 0x01, 0x00, 0x00,
	0xb4, 0xcd, 0xe6, 0x86, 0x44, 0x8a, 0x93, 0x61, 0x0d, 0x18, 0x18, 0x00,
	0x00, 0x00, 0x00, 0x00, 0x01, 0x00, 0x00, 0x00, 0x00, 0x00, 0x00, 0x00,
	0x01, 0x00, 0x00, 0x00, 0xe0, 0x00, 0x00, 0x00, 0x70, 0x00, 0x00, 0x00,
	0x04, 0x00, 0x01, 0x00, 0x00, 0x00, 0x00, 0x00, 0x00, 0x00, 0x02, 0x00,
	0x06, 0x00, 0x00, 0x00, 0x88, 0x00, 0x00, 0x00, 0x00, 0x00, 0x00, 0x00,
	0x78, 0x00, 0x00, 0x00, 0x74, 0x00, 0x00, 0x00, 0x00, 0x00, 0x00, 0x00,
	0x00, 0x00, 0x00, 0x00, 0x00, 0x00, 0x00, 0x00, 0x01, 0x00, 0x00, 0x00,
	0x00, 0x00, 0x00, 0x00, 0x00, 0x00, 0x00, 0x00, 0x98, 0x00, 0x00, 0x00,
	0xc0, 0x3d, 0x03, 0x00, 0x01, 0x00, 0x00, 0x00, 0x84, 0x00, 0x00, 0x00,
	0x00, 0x00, 0x00, 0x00, 0x8c, 0x00, 0x00, 0x00, 0x00, 0x00, 0x00, 0x00,
	0x7c, 0x00, 0x00, 0x00, 0x00, 0x00, 0x00, 0x00, 0x74, 0x00, 0x00, 0x00,
	0x01, 0x00, 0x00, 0x00, 0x6c, 0x00, 0x00, 0x00, 0x80, 0x00, 0x00, 0x00,
	0x00, 0x00, 0x00, 0x00, 0x00, 0x00, 0x00, 0x00, 0x00, 0x00, 0x01, 0x04,
	0x01, 0x00, 0x01, 0x00, 0x04, 0x00, 0x00, 0x00, 0x00, 0xa9, 0xc0, 0x2e,
	0x00, 0x00, 0x00, 0x00, 0x50, 0x00, 0x00, 0x00, 0x20, 0x00, 0x00, 0x00,
	0x00, 0x00, 0x00, 0x00, 0x05, 0x00, 0x00, 0x00, 0x00, 0x00, 0x00, 0x00,
	0x00, 0x01, 0x44, 0xfa, 0x40, 0x00, 0x04, 0xa0, 0x86, 0x47, 0xa4, 0x10,
	0x00, 0x80, 0x03, 0x90, 0xb5, 0x4a, 0x89, 0x48, 0x00, 0x00, 0x00, 0xf0,
	0x06, 0x04, 0x30, 0xf9, 0x00, 0x00, 0x00, 0x00, 0x40, 0x01, 0x04, 0xf8,
	0x00, 0x00, 0x00, 0x00, 0x00, 0x07, 0x44, 0xfa, 0x00, 0x00, 0x00, 0x00,
	0x00, 0xe0, 0x00, 0x00, 0x13, 0x00, 0x00, 0x00, 0x00, 0x00, 0x01, 0x00,
	0x30, 0x00, 0x00, 0x00, 0x02, 0x04, 0x02, 0x00, 0x01, 0x00, 0x00, 0x00,
	0x00, 0x00, 0x00, 0x00, 0x02, 0x03, 0x00, 0x00, 0x00, 0x00, 0x00, 0x00,
	0x00, 0x00, 0x00, 0x00, 0x00, 0x00, 0x00, 0x00, 0x00, 0x00, 0x00, 0x00,
	0x00, 0x00, 0x00, 0x00, 0x00, 0x00, 0x00, 0x00, 0x00, 0x00, 0x00, 0x00,
	0x75, 0x54, 0x65, 0x78, 0x30, 0x00, 0x00, 0x00,
};

alignas(4) static const unsigned char gxs_generic_f_t1_e0_a1_f1[] = {
	0x47, 0x58, 0x50, 0x00, 0x01, 0x05, 0x50, 0x03, 0x90, 0x01, 0x00, 0x00,
	0x58, 0x25, 0x90, 0x63, 0x44, 0x8b, 0x93, 0x8c, 0x0d, 0x18, 0x18, 0x00,
	0x00, 0x00, 0x00, 0x10, 0x01, 0x00, 0x00, 0x00, 0x00, 0x00, 0x00, 0x00,
	0x02, 0x00, 0x00, 0x00, 0x18, 0x01, 0x00, 0x00, 0x70, 0x00, 0x00, 0x00,
	0x05, 0x00, 0x05, 0x00, 0x00, 0x00, 0x00, 0x00, 0x00, 0x00, 0x02, 0x00,
	0x09, 0x00, 0x00, 0x00, 0xa0, 0x00, 0x00, 0x00, 0x01, 0x00, 0x00, 0x00,
	0x88, 0x00, 0x00, 0x00, 0x8c, 0x00, 0x00, 0x00, 0x00, 0x00, 0x00, 0x00,
	0x00, 0x00, 0x00, 0x00, 0x00, 0x00, 0x00, 0x00, 0x01, 0x00, 0x00, 0x00,
	0x00, 0x00, 0x00, 0x00, 0x04, 0x00, 0x00, 0x00, 0xc8, 0x00, 0x00, 0x00,
	0xc0, 0x3d, 0x03, 0x00, 0x01, 0x00, 0x00, 0x00, 0xb4, 0x00, 0x00, 0x00,
	0x00, 0x00, 0x00, 0x00, 0xc4, 0x00, 0x00, 0x00, 0x00, 0x00, 0x00, 0x00,
	0xac, 0x00, 0x00, 0x00, 0x00, 0x00, 0x00, 0x00, 0xa4, 0x00, 0x00, 0x00,
	0x02, 0x00, 0x00, 0x00, 0x9c, 0x00, 0x00, 0x00, 0xc8, 0x00, 0x00, 0x00,
	0x00, 0x00, 0x00, 0x00, 0x00, 0x00, 0x00, 0x00, 0x00, 0x00, 0x01, 0x04,
	0x02, 0x00, 0x01, 0x00, 0x04, 0x00, 0x00, 0x00, 0x00, 0xa9, 0xc0, 0x2c,
	0x00, 0x00, 0x00, 0x00, 0x50, 0x00, 0x00, 0x00, 0x20, 0x00, 0x00, 0x00,
	0x0f, 0x20, 0x00, 0x2e, 0x00, 0x00, 0x00, 0x00, 0x00, 0x00, 0x00, 0x00,
	0x00, 0x00, 0x00, 0x00, 0x02, 0x80, 0x01, 0xa0, 0x7e, 0x0d, 0x84, 0x40,
	0x00, 0x00, 0x00, 0x00, 0x05, 0x00, 0x00, 0x00, 0x00, 0x00, 0x00, 0x00,
	0x00, 0x01, 0x44, 0xfa, 0x40, 0x00, 0x44, 0xa0, 0x86, 0x47, 0xa4, 0x10,
	0x80, 0x80, 0x03, 0x90, 0xb5, 0x4a, 0x89, 0x48, 0x04, 0x02, 0x00, 0xf0,
	0x06, 0x04, 0x30, 0xf9, 0x00, 0x00, 0x00, 0x00, 0x40, 0x01, 0x04, 0xf8,
	0x00, 0x00, 0x00, 0x00, 0x00, 0x07, 0x44, 0xfa, 0x01, 0x20, 0x00, 0xe0,
	0x86, 0x92, 0x80, 0x04, 0x40, 0x20, 0x00, 0xa0, 0xa6, 0x92, 0x80, 0x04,
	0x40, 0x80, 0x36, 0xa0, 0x8a, 0xf7, 0xa4, 0x10, 0x00, 0x00, 0x00, 0x00,
	0x00, 0xe0, 0x00, 0x00, 0x0e, 0x00, 0x00, 0x00, 0x00, 0x00, 0x04, 0x00,
	0x13, 0x00, 0x00, 0x00, 0x04, 0x00, 0x01, 0x00, 0x40, 0x00, 0x00, 0x00,
	0x01, 0xe4, 0x00, 0x00, 0x01, 0x00, 0x00, 0x00, 0x00, 0x00, 0x00, 0x00,
	0x3a, 0x00, 0x00, 0x00, 0x02, 0x04, 0x02, 0x00, 0x01, 0x00, 0x00, 0x00,
	0x00, 0x00, 0x00, 0x00, 0x02, 0x03, 0x00, 0x00, 0x00, 0x00, 0x00, 0x00,
	0x00, 0x00, 0x00, 0x00, 0x00, 0x00, 0x00, 0x00, 0x00, 0x00, 0x00, 0x00,
	0x00, 0x00, 0x00, 0x00, 0x00, 0x00, 0x00, 0x00, 0x00, 0x00, 0x00, 0x00,
	0x75, 0x46, 0x6f, 0x67, 0x43, 0x6f, 0x6c, 0x6f, 0x72, 0x00, 0x75, 0x54,
	0x65, 0x78, 0x30, 0x00,
};

alignas(4) static const unsigned char gxs_generic_f_t1_e0_a2_f0[] = {
	0x47, 0x58, 0x50, 0x00, 0x01, 0x05, 0x50, 0x03, 0x4e, 0x01, 0x00, 0x00,
	0x40, 0x22, 0x11, 0x57, 0x44, 0x8b, 0x93, 0x93, 0x0d, 0x18, 0x18, 0x00,
	0x00, 0x00, 0x00, 0x00, 0x01, 0x00, 0x00, 0x00, 0x00, 0x00, 0x00, 0x00,
	0x01, 0x00, 0x00, 0x00, 0xf0, 0x00, 0x00, 0x00, 0x70, 0x00, 0x00, 0x00,
	0x04, 0x00, 0x03, 0x00, 0x00, 0x00, 0x00, 0x00, 0x00, 0x00, 0x02, 0x00,
	0x06, 0x00, 0x00, 0x00, 0x88, 0x00, 0x00, 0x00, 0x00, 0x00, 0x00, 0x00,
	0x78, 0x00, 0x00, 0x00, 0x74, 0x00, 0x00, 0x00, 0x00, 0x00, 0x00, 0x00,
	0x00, 0x00, 0x00, 0x00, 0x00, 0x00, 0x00, 0x00, 0x03, 0x00, 0x00, 0x00,
	0x00, 0x00, 0x00, 0x00, 0x00, 0x00, 0x00, 0x00, 0xa8, 0x00, 0x00, 0x00,
	0xc0, 0x3d, 0x03, 0x00, 0x03, 0x00, 0x00, 0x00, 0x84, 0x00, 0x00, 0x00,
	0x00, 0x00, 0x00, 0x00, 0x9c, 0x00, 0x00, 0x00, 0x00, 0x00, 0x00, 0x00,
	0x8c, 0x00, 0x00, 0x00, 0x00, 0x00, 0x00, 0x00, 0x84, 0x00, 0x00, 0x00,
	0x01, 0x00, 0x00, 0x00, 0x7c, 0x00, 0x00, 0x00, 0x90, 0x00, 0x00, 0x00,
	0x00, 0x00, 0x00, 0x00, 0x00, 0x00, 0x00, 0x00, 0x00, 0x00, 0x01, 0x04,
	0x01, 0x00, 0x01, 0x00, 0x04, 0x00, 0x00, 0x00, 0x00, 0xa9, 0xc0, 0x2e,
	0x00, 0x00, 0x00, 0x00, 0x50, 0x00, 0x00, 0x00, 0x20, 0x00, 0x00, 0x00,
	0x00, 0x00, 0x00, 0x00, 0x05, 0x00, 0x00, 0x00, 0x00, 0x00, 0x00, 0x00,
	0x00, 0x01, 0x44, 0xfa, 0x40, 0x00, 0x04, 0xa0, 0x86, 0x47, 0xa4, 0x10,
	0x01, 0x80, 0x03, 0xb0, 0xb5, 0x46, 0x88, 0x48, 0x00, 0x00, 0x00, 0xf0,
	0x06, 0x04, 0x30, 0xf9, 0x00, 0x00, 0x00, 0x00, 0x40, 0x01, 0x04, 0xf8,
	0x00, 0x00, 0x00, 0x00, 0x00, 0x07, 0x44, 0xfa, 0x01, 0x00, 0x00, 0x00,
	0xff, 0xff, 0xff, 0xff, 0x02, 0x00, 0x00, 0x00, 0x00, 0x38, 0x00, 0x00,
	0x00, 0x00, 0x00, 0x00, 0x00, 0xe0, 0x00, 0x00, 0x13, 0x00, 0x00, 0x00,
	0x00, 0x00, 0x03, 0x00, 0x30, 0x00, 0x00, 0x00, 0x02, 0x04, 0x02, 0x00,
	0x01, 0x00, 0x00, 0x00, 0x00, 0x00, 0x00, 0x00, 0x02, 0x03, 0x00, 0x00,
	0x00, 0x00, 0x00, 0x00, 0x00, 0x00, 0x00, 0x00, 0x00, 0x00, 0x00, 0x00,
	0x00, 0x00, 0x00, 0x00, 0x00, 0x00, 0x00, 0x00, 0x00, 0x00, 0x00, 0x00,
	0x00, 0x00, 0x00, 0x00, 0x75, 0x54, 0x65, 0x78, 0x30, 0x00, 0x00, 0x00,
};

alignas(4) static const unsigned char gxs_generic_f_t1_e0_a2_f1[] = {
	0x47, 0x58, 0x50, 0x00, 0x01, 0x05, 0x50, 0x03, 0xa0, 0x01, 0x00, 0x00,
	0xe5, 0x79, 0x79, 0x0b, 0x44, 0x8c, 0x93, 0xbe, 0x0d, 0x18, 0x18, 0x00,
	0x00, 0x00, 0x00, 0x10, 0x01, 0x00, 0x00, 0x00, 0x00, 0x00, 0x00, 0x00,
	0x02, 0x00, 0x00, 0x00, 0x28, 0x01, 0x00, 0x00, 0x70, 0x00, 0x00, 0x00,
	0x05, 0x00, 0x07, 0x00, 0x00, 0x00, 0x00, 0x00, 0x00, 0x00, 0x02, 0x00,
	0x09, 0x00, 0x00, 0x00, 0xa0, 0x00, 0x00, 0x00, 0x01, 0x00, 0x00, 0x00,
	0x88, 0x00, 0x00, 0x00, 0x8c, 0x00, 0x00, 0x00, 0x00, 0x00, 0x00, 0x00,
	0x00, 0x00, 0x00, 0x00, 0x00, 0x00, 0x00, 0x00, 0x03, 0x00, 0x00, 0x00,
	0x00, 0x00, 0x00, 0x00, 0x04, 0x00, 0x00, 0x00, 0xd8, 0x00, 0x00, 0x00,
	0xc0, 0x3d, 0x03, 0x00, 0x03, 0x00, 0x00, 0x00, 0xb4, 0x00, 0x00, 0x00,
	0x00, 0x00, 0x00, 0x00, 0xd4, 0x00, 0x00, 0x00, 0x00, 0x00, 0x00, 0x00,
	0xbc, 0x00, 0x00, 0x00, 0x00, 0x00, 0x00, 0x00, 0xb4, 0x00, 0x00, 0x00,
	0x02, 0x00, 0x00, 0x00, 0xac, 0x00, 0x00, 0x00, 0xd8, 0x00, 0x00, 0x00,
	0x00, 0x00, 0x00, 0x00, 0x00, 0x00, 0x00, 0x00, 0x00, 0x00, 0x01, 0x04,
	0x02, 0x00, 0x01, 0x00, 0x04, 0x00, 0x00, 0x00, 0x00, 0xa9, 0xc0, 0x2c,
	0x00, 0x00, 0x00, 0x00, 0x50, 0x00, 0x00, 0x00, 0x20, 0x00, 0x00, 0x00,
	0x0f, 0x20, 0x00, 0x2e, 0x00, 0x00, 0x00, 0x00, 0x00, 0x00, 0x00, 0x00,
	0x00, 0x00, 0x00, 0x00, 0x02, 0x80, 0x01, 0xa0, 0x7e, 0x0d, 0x84, 0x40,
	0x00, 0x00, 0x00, 0x00, 0x05, 0x00, 0x00, 0x00, 0x00, 0x00, 0x00, 0x00,
	0x00, 0x01, 0x44, 0xfa, 0x40, 0x00, 0x44, 0xa0, 0x86, 0x47, 0xa4, 0x10,
	0x83, 0x80, 0x03, 0xb0, 0xb5, 0x46, 0x88, 0x48, 0x04, 0x02, 0x00, 0xf0,
	0x06, 0x04, 0x30, 0xf9, 0x00, 0x00, 0x00, 0x00, 0x40, 0x01, 0x04, 0xf8,
	0x00, 0x00, 0x00, 0x00, 0x00, 0x07, 0x44, 0xfa, 0x01, 0x20, 0x00, 0xe0,
	0x86, 0x92, 0x80, 0x04, 0x40, 0x20, 0x00, 0xa0, 0xa6, 0x92, 0x80, 0x04,
	0x40, 0x80, 0x36, 0xa0, 0x8a, 0xf7, 0xa4, 0x10, 0x01, 0x00, 0x00, 0x00,
	0xff, 0xff, 0xff, 0xff, 0x02, 0x00, 0x00, 0x00, 0x00, 0x38, 0x00, 0x00,
	0x00, 0x00, 0x00, 0x00, 0x00, 0xe0, 0x00, 0x00, 0x0e, 0x00, 0x00, 0x00,
	0x00, 0x00, 0x04, 0x00, 0x13, 0x00, 0x00, 0x00, 0x04, 0x00, 0x03, 0x00,
	0x40, 0x00, 0x00, 0x00, 0x01, 0xe4, 0x00, 0x00, 0x01, 0x00, 0x00, 0x00,
	0x00, 0x00, 0x00, 0x00, 0x3a, 0x00, 0x00, 0x00, 0x02, 0x04, 0x02, 0x00,
	0x01, 0x00, 0x00, 0x00, 0x00, 0x00, 0x00, 0x00, 0x02, 0x03, 0x00, 0x00,
	0x00, 0x00, 0x00, 0x00, 0x00, 0x00, 0x00, 0x00, 0x00, 0x00, 0x00, 0x00,
	0x00, 0x00, 0x00, 0x00, 0x00, 0x00, 0x00, 0x00, 0x00, 0x00, 0x00, 0x00,
	0x00, 0x00, 0x00, 0x00, 0x75, 0x46, 0x6f, 0x67, 0x43, 0x6f, 0x6c, 0x6f,
	0x72, 0x00, 0x75, 0x54, 0x65, 0x78, 0x30, 0x00,
};

alignas(4) static const unsigned char gxs_generic_f_t1_e0_a3_f0[] = {
	0x47, 0x58, 0x50, 0x00, 0x01, 0x05, 0x50, 0x03, 0x4e, 0x01, 0x00, 0x00,
	0xc0, 0x24, 0x11, 0xe8, 0x44, 0x8c, 0x93, 0xc5, 0x0d, 0x18, 0x18, 0x00,
	0x00, 0x00, 0x00, 0x00, 0x01, 0x00, 0x00, 0x00, 0x00, 0x00, 0x00, 0x00,
	0x01, 0x00, 0x00, 0x00, 0xf0, 0x00, 0x00, 0x00, 0x70, 0x00, 0x00, 0x00,
	0x04, 0x00, 0x03, 0x00, 0x00, 0x00, 0x00, 0x00, 0x00, 0x00, 0x02, 0x00,
	0x06, 0x00, 0x00, 0x00, 0x88, 0x00, 0x00, 0x00, 0x00, 0x00, 0x00, 0x00,
	0x78, 0x00, 0x00, 0x00, 0x74, 0x00, 0x00, 0x00, 0x00, 0x00, 0x00, 0x00,
	0x00, 0x00, 0x00, 0x00, 0x00, 0x00, 0x00, 0x00, 0x03, 0x00, 0x00, 0x00,
	0x00, 0x00, 0x00, 0x00, 0x00, 0x00, 0x00, 0x00, 0xa8, 0x00, 0x00, 0x00,
	0xc0, 0x3d, 0x03, 0x00, 0x03, 0x00, 0x00, 0x00, 0x84, 0x00, 0x00, 0x00,
	0x00, 0x00, 0x00, 0x00, 0x9c, 0x00, 0x00, 0x00, 0x00, 0x00, 0x00, 0x00,
	0x8c, 0x00, 0x00, 0x00, 0x00, 0x00, 0x00, 0x00, 0x84, 0x00, 0x00, 0x00,
	0x01, 0x00, 0x00, 0x00, 0x7c, 0x00, 0x00, 0x00, 0x90, 0x00, 0x00, 0x00,
	0x00, 0x00, 0x00, 0x00, 0x00, 0x00, 0x00, 0x00, 0x00, 0x00, 0x01, 0x04,
	0x01, 0x00, 0x01, 0x00, 0x04, 0x00, 0x00, 0x00, 0x00, 0xa9, 0xc0, 0x2e,
	0x00, 0x00, 0x00, 0x00, 0x50, 0x00, 0x00, 0x00, 0x20, 0x00, 0x00, 0x00,
	0x00, 0x00, 0x00, 0x00, 0x05, 0x00, 0x00, 0x00, 0x00, 0x00, 0x00, 0x00,
	0x00, 0x01, 0x44, 0xfa, 0x40, 0x00, 0x04, 0xa0, 0x86, 0x47, 0xa4, 0x10,
	0x01, 0x80, 0x03, 0xb0, 0x35, 0x49, 0x88, 0x48, 0x00, 0x00, 0x00, 0xf0,
	0x06, 0x04, 0x30, 0xf9, 0x00, 0x00, 0x00, 0x00, 0x40, 0x01, 0x04, 0xf8,
	0x00, 0x00, 0x00, 0x00, 0x00, 0x07, 0x44, 0xfa, 0x01, 0x00, 0x00, 0x00,
	0xff, 0xff, 0xff, 0xff, 0x02, 0x00, 0x00, 0x00, 0x00, 0x38, 0x00, 0x00,
	0x00, 0x00, 0x00, 0x00, 0x00, 0xe0, 0x00, 0x00, 0x13, 0x00, 0x00, 0x00,
	0x00, 0x00, 0x03, 0x00, 0x30, 0x00, 0x00, 0x00, 0x02, 0x04, 0x02, 0x00,
	0x01, 0x00, 0x00, 0x00, 0x00, 0x00, 0x00, 0x00, 0x02, 0x03, 0x00, 0x00,
	0x00, 0x00, 0x00, 0x00, 0x00, 0x00, 0x00, 0x00, 0x00, 0x00, 0x00, 0x00,
	0x00, 0x00, 0x00, 0x00, 0x00, 0x00, 0x00, 0x00, 0x00, 0x00, 0x00, 0x00,
	0x00, 0x00, 0x00, 0x00, 0x75, 0x54, 0x65, 0x78, 0x30, 0x00, 0x00, 0x00,
};

alignas(4) static const unsigned char gxs_generic_f_t1_e0_a3_f1[] = {
	0x47, 0x58, 0x50, 0x00, 0x01, 0x05, 0x50, 0x03, 0xa0, 0x01, 0x00, 0x00,
	0x65, 0x7c, 0x79, 0xe2, 0x44, 0x8d, 0x93, 0xf0, 0x0d, 0x18, 0x18, 0x00,
	0x00, 0x00, 0x00, 0x10, 0x01, 0x00, 0x00, 0x00, 0x00, 0x00, 0x00, 0x00,
	0x02, 0x00, 0x00, 0x00, 0x28, 0x01, 0x00, 0x00, 0x70, 0x00, 0x00, 0x00,
	0x05, 0x00, 0x07, 0x00, 0x00, 0x00, 0x00, 0x00, 0x00, 0x00, 0x02, 0x00,
	0x09, 0x00, 0x00, 0x00, 0xa0, 0x00, 0x00, 0x00, 0x01, 0x00, 0x00, 0x00,
	0x88, 0x00, 0x00, 0x00, 0x8c, 0x00, 0x00, 0x00, 0x00, 0x00, 0x00, 0x00,
	0x00, 0x00, 0x00, 0x00, 0x00, 0x00, 0x00, 0x00, 0x03, 0x00, 0x00, 0x00,
	0x00, 0x00, 0x00, 0x00, 0x04, 0x00, 0x00, 0x00, 0xd8, 0x00, 0x00, 0x00,
	0xc0, 0x3d, 0x03, 0x00, 0x03, 0x00, 0x00, 0x00, 0xb4, 0x00, 0x00, 0x00,
	0x00, 0x00, 0x00, 0x00, 0xd4, 0x00, 0x00, 0x00, 0x00, 0x00, 0x00, 0x00,
	0xbc, 0x00, 0x00, 0x00, 0x00, 0x00, 0x00, 0x00, 0xb4, 0x00, 0x00, 0x00,
	0x02, 0x00, 0x00, 0x00, 0xac, 0x00, 0x00, 0x00, 0xd8, 0x00, 0x00, 0x00,
	0x00, 0x00, 0x00, 0x00, 0x00, 0x00, 0x00, 0x00, 0x00, 0x00, 0x01, 0x04,
	0x02, 0x00, 0x01, 0x00, 0x04, 0x00, 0x00, 0x00, 0x00, 0xa9, 0xc0, 0x2c,
	0x00, 0x00, 0x00, 0x00, 0x50, 0x00, 0x00, 0x00, 0x20, 0x00, 0x00, 0x00,
	0x0f, 0x20, 0x00, 0x2e, 0x00, 0x00, 0x00, 0x00, 0x00, 0x00, 0x00, 0x00,
	0x00, 0x00, 0x00, 0x00, 0x02, 0x80, 0x01, 0xa0, 0x7e, 0x0d, 0x84, 0x40,
	0x00, 0x00, 0x00, 0x00, 0x05, 0x00, 0x00, 0x00, 0x00, 0x00, 0x00, 0x00,
	0x00, 0x01, 0x44, 0xfa, 0x40, 0x00, 0x44, 0xa0, 0x86, 0x47, 0xa4, 0x10,
	0x83, 0x80, 0x03, 0xb0, 0x35, 0x49, 0x88, 0x48, 0x04, 0x02, 0x00, 0xf0,
	0x06, 0x04, 0x30, 0xf9, 0x00, 0x00, 0x00, 0x00, 0x40, 0x01, 0x04, 0xf8,
	0x00, 0x00, 0x00, 0x00, 0x00, 0x07, 0x44, 0xfa, 0x01, 0x20, 0x00, 0xe0,
	0x86, 0x92, 0x80, 0x04, 0x40, 0x20, 0x00, 0xa0, 0xa6, 0x92, 0x80, 0x04,
	0x40, 0x80, 0x36, 0xa0, 0x8a, 0xf7, 0xa4, 0x10, 0x01, 0x00, 0x00, 0x00,
	0xff, 0xff, 0xff, 0xff, 0x02, 0x00, 0x00, 0x00, 0x00, 0x38, 0x00, 0x00,
	0x00, 0x00, 0x00, 0x00, 0x00, 0xe0, 0x00, 0x00, 0x0e, 0x00, 0x00, 0x00,
	0x00, 0x00, 0x04, 0x00, 0x13, 0x00, 0x00, 0x00, 0x04, 0x00, 0x03, 0x00,
	0x40, 0x00, 0x00, 0x00, 0x01, 0xe4, 0x00, 0x00, 0x01, 0x00, 0x00, 0x00,
	0x00, 0x00, 0x00, 0x00, 0x3a, 0x00, 0x00, 0x00, 0x02, 0x04, 0x02, 0x00,
	0x01, 0x00, 0x00, 0x00, 0x00, 0x00, 0x00, 0x00, 0x02, 0x03, 0x00, 0x00,
	0x00, 0x00, 0x00, 0x00, 0x00, 0x00, 0x00, 0x00, 0x00, 0x00, 0x00, 0x00,
	0x00, 0x00, 0x00, 0x00, 0x00, 0x00, 0x00, 0x00, 0x00, 0x00, 0x00, 0x00,
	0x00, 0x00, 0x00, 0x00, 0x75, 0x46, 0x6f, 0x67, 0x43, 0x6f, 0x6c, 0x6f,
	0x72, 0x00, 0x75, 0x54, 0x65, 0x78, 0x30, 0x00,
};

alignas(4) static const unsigned char gxs_generic_f_t1_e0_a4_f0[] = {
	0x47, 0x58, 0x50, 0x00, 0x01, 0x05, 0x50, 0x03, 0x4e, 0x01, 0x00, 0x00,
	0xc0, 0x26, 0x12, 0x34, 0x44, 0x8d, 0x93, 0xf7, 0x0d, 0x18, 0x18, 0x00,
	0x00, 0x00, 0x00, 0x00, 0x01, 0x00, 0x00, 0x00, 0x00, 0x00, 0x00, 0x00,
	0x01, 0x00, 0x00, 0x00, 0xf0, 0x00, 0x00, 0x00, 0x70, 0x00, 0x00, 0x00,
	0x04, 0x00, 0x03, 0x00, 0x00, 0x00, 0x00, 0x00, 0x00, 0x00, 0x02, 0x00,
	0x06, 0x00, 0x00, 0x00, 0x88, 0x00, 0x00, 0x00, 0x00, 0x00, 0x00, 0x00,
	0x78, 0x00, 0x00, 0x00, 0x74, 0x00, 0x00, 0x00, 0x00, 0x00, 0x00, 0x00,
	0x00, 0x00, 0x00, 0x00, 0x00, 0x00, 0x00, 0x00, 0x03, 0x00, 0x00, 0x00,
	0x00, 0x00, 0x00, 0x00, 0x00, 0x00, 0x00, 0x00, 0xa8, 0x00, 0x00, 0x00,
	0xc0, 0x3d, 0x03, 0x00, 0x03, 0x00, 0x00, 0x00, 0x84, 0x00, 0x00, 0x00,
	0x00, 0x00, 0x00, 0x00, 0x9c, 0x00, 0x00, 0x00, 0x00, 0x00, 0x00, 0x00,
	0x8c, 0x00, 0x00, 0x00, 0x00, 0x00, 0x00, 0x00, 0x84, 0x00, 0x00, 0x00,
	0x01, 0x00, 0x00, 0x00, 0x7c, 0x00, 0x00, 0x00, 0x90, 0x00, 0x00, 0x00,
	0x00, 0x00, 0x00, 0x00, 0x00, 0x00, 0x00, 0x00, 0x00, 0x00, 0x01, 0x04,
	0x01, 0x00, 0x01, 0x00, 0x04, 0x00, 0x00, 0x00, 0x00, 0xa9, 0xc0, 0x2e,
	0x00, 0x00, 0x00, 0x00, 0x50, 0x00, 0x00, 0x00, 0x20, 0x00, 0x00, 0x00,
	0x00, 0x00, 0x00, 0x00, 0x05, 0x00, 0x00, 0x00, 0x00, 0x00, 0x00, 0x00,
	0x00, 0x01, 0x44, 0xfa, 0x40, 0x00, 0x04, 0xa0, 0x86, 0x47, 0xa4, 0x10,
	0x01, 0x80, 0x03, 0xb0, 0x35, 0x49, 0x88, 0x48, 0x00, 0x00, 0x00, 0xf0,
	0x06, 0x04, 0x30, 0xf9, 0x00, 0x00, 0x00, 0x00, 0x40, 0x01, 0x04, 0xf8,
	0x00, 0x00, 0x00, 0x00, 0x00, 0x07, 0x44, 0xfa, 0x01, 0x00, 0x00, 0x00,
	0xff, 0xff, 0xff, 0xff, 0x02, 0x00, 0x00, 0x00, 0x00, 0x3a, 0x00, 0x00,
	0x00, 0x00, 0x00, 0x00, 0x00, 0xe0, 0x00, 0x00, 0x13, 0x00, 0x00, 0x00,
	0x00, 0x00, 0x03, 0x00, 0x30, 0x00, 0x00, 0x00, 0x02, 0x04, 0x02, 0x00,
	0x01, 0x00, 0x00, 0x00, 0x00, 0x00, 0x00, 0x00, 0x02, 0x03, 0x00, 0x00,
	0x00, 0x00, 0x00, 0x00, 0x00, 0x00, 0x00, 0x00, 0x00, 0x00, 0x00, 0x00,
	0x00, 0x00, 0x00, 0x00, 0x00, 0x00, 0x00, 0x00, 0x00, 0x00, 0x00, 0x00,
	0x00, 0x00, 0x00, 0x00, 0x75, 0x54, 0x65, 0x78, 0x30, 0x00, 0x00, 0x00,
};

alignas(4) static const unsigned char gxs_generic_f_t1_e0_a4_f1[] = {
	0x47, 0x58, 0x50, 0x00, 0x01, 0x05, 0x50, 0x03, 0xa0, 0x01, 0x00, 0x00,
	0x65, 0x7e, 0x7a, 0x4e, 0x44, 0x8e, 0x94, 0x22, 0x0d, 0x18, 0x18, 0x00,
	0x00, 0x00, 0x00, 0x10, 0x01, 0x00, 0x00, 0x00, 0x00, 0x00, 0x00, 0x00,
	0x02, 0x00, 0x00, 0x00, 0x28, 0x01, 0x00, 0x00, 0x70, 0x00, 0x00, 0x00,
	0x05, 0x00, 0x07, 0x00, 0x00, 0x00, 0x00, 0x00, 0x00, 0x00, 0x02, 0x00,
	0x09, 0x00, 0x00, 0x00, 0xa0, 0x00, 0x00, 0x00, 0x01, 0x00, 0x00, 0x00,
	0x88, 0x00, 0x00, 0x00, 0x8c, 0x00, 0x00, 0x00, 0x00, 0x00, 0x00, 0x00,
	0x00, 0x00, 0x00, 0x00, 0x00, 0x00, 0x00, 0x00, 0x03, 0x00, 0x00, 0x00,
	0x00, 0x00, 0x00, 0x00, 0x04, 0x00, 0x00, 0x00, 0xd8, 0x00, 0x00, 0x00,
	0xc0, 0x3d, 0x03, 0x00, 0x03, 0x00, 0x00, 0x00, 0xb4, 0x00, 0x00, 0x00,
	0x00, 0x00, 0x00, 0x00, 0xd4, 0x00, 0x00, 0x00, 0x00, 0x00, 0x00, 0x00,
	0xbc, 0x00, 0x00, 0x00, 0x00, 0x00, 0x00, 0x00, 0xb4, 0x00, 0x00, 0x00,
	0x02, 0x00, 0x00, 0x00, 0xac, 0x00, 0x00, 0x00, 0xd8, 0x00, 0x00, 0x00,
	0x00, 0x00, 0x00, 0x00, 0x00, 0x00, 0x00, 0x00, 0x00, 0x00, 0x01, 0x04,
	0x02, 0x00, 0x01, 0x00, 0x04, 0x00, 0x00, 0x00, 0x00, 0xa9, 0xc0, 0x2c,
	0x00, 0x00, 0x00, 0x00, 0x50, 0x00, 0x00, 0x00, 0x20, 0x00, 0x00, 0x00,
	0x0f, 0x20, 0x00, 0x2e, 0x00, 0x00, 0x00, 0x00, 0x00, 0x00, 0x00, 0x00,
	0x00, 0x00, 0x00, 0x00, 0x02, 0x80, 0x01, 0xa0, 0x7e, 0x0d, 0x84, 0x40,
	0x00, 0x00, 0x00, 0x00, 0x05, 0x00, 0x00, 0x00, 0x00, 0x00, 0x00, 0x00,
	0x00, 0x01, 0x44, 0xfa, 0x40, 0x00, 0x44, 0xa0, 0x86, 0x47, 0xa4, 0x10,
	0x83, 0x80, 0x03, 0xb0, 0x35, 0x49, 0x88, 0x48, 0x04, 0x02, 0x00, 0xf0,
	0x06, 0x04, 0x30, 0xf9, 0x00, 0x00, 0x00, 0x00, 0x40, 0x01, 0x04, 0xf8,
	0x00, 0x00, 0x00, 0x00, 0x00, 0x07, 0x44, 0xfa, 0x01, 0x20, 0x00, 0xe0,
	0x86, 0x92, 0x80, 0x04, 0x40, 0x20, 0x00, 0xa0, 0xa6, 0x92, 0x80, 0x04,
	0x40, 0x80, 0x36, 0xa0, 0x8a, 0xf7, 0xa4, 0x10, 0x01, 0x00, 0x00, 0x00,
	0xff, 0xff, 0xff, 0xff, 0x02, 0x00, 0x00, 0x00, 0x00, 0x3a, 0x00, 0x00,
	0x00, 0x00, 0x00, 0x00, 0x00, 0xe0, 0x00, 0x00, 0x0e, 0x00, 0x00, 0x00,
	0x00, 0x00, 0x04, 0x00, 0x13, 0x00, 0x00, 0x00, 0x04, 0x00, 0x03, 0x00,
	0x40, 0x00, 0x00, 0x00, 0x01, 0xe4, 0x00, 0x00, 0x01, 0x00, 0x00, 0x00,
	0x00, 0x00, 0x00, 0x00, 0x3a, 0x00, 0x00, 0x00, 0x02, 0x04, 0x02, 0x00,
	0x01, 0x00, 0x00, 0x00, 0x00, 0x00, 0x00, 0x00, 0x02, 0x03, 0x00, 0x00,
	0x00, 0x00, 0x00, 0x00, 0x00, 0x00, 0x00, 0x00, 0x00, 0x00, 0x00, 0x00,
	0x00, 0x00, 0x00, 0x00, 0x00, 0x00, 0x00, 0x00, 0x00, 0x00, 0x00, 0x00,
	0x00, 0x00, 0x00, 0x00, 0x75, 0x46, 0x6f, 0x67, 0x43, 0x6f, 0x6c, 0x6f,
	0x72, 0x00, 0x75, 0x54, 0x65, 0x78, 0x30, 0x00,
};

alignas(4) static const unsigned char gxs_generic_f_t2_e0_a0_f0[] = {
	0x47, 0x58, 0x50, 0x00, 0x01, 0x05, 0x50, 0x03, 0x38, 0x01, 0x00, 0x00,
	0x0f, 0x26, 0x92, 0xfe, 0x44, 0x8a, 0x93, 0x70, 0x05, 0x18, 0x18, 0x00,
	0x00, 0x00, 0x00, 0x00, 0x11, 0x00, 0x00, 0x00, 0x00, 0x00, 0x00, 0x00,
	0x02, 0x00, 0x00, 0x00, 0xc4, 0x00, 0x00, 0x00, 0x70, 0x00, 0x00, 0x00,
	0x06, 0x00, 0x00, 0x00, 0x00, 0x00, 0x00, 0x00, 0x00, 0x00, 0x01, 0x00,
	0x03, 0x00, 0x00, 0x00, 0x94, 0x00, 0x00, 0x00, 0x00, 0x00, 0x00, 0x00,
	0x88, 0x00, 0x00, 0x00, 0x84, 0x00, 0x00, 0x00, 0x00, 0x00, 0x00, 0x00,
	0x00, 0x00, 0x00, 0x00, 0x00, 0x00, 0x00, 0x00, 0x00, 0x00, 0x00, 0x00,
	0x00, 0x00, 0x00, 0x00, 0x00, 0x00, 0x00, 0x00, 0x84, 0x00, 0x00, 0x00,
	0xc0, 0x3d, 0x03, 0x00, 0x00, 0x00, 0x00, 0x00, 0x78, 0x00, 0x00, 0x00,
	0x00, 0x00, 0x00, 0x00, 0x70, 0x00, 0x00, 0x00, 0x00, 0x00, 0x00, 0x00,
	0x68, 0x00, 0x00, 0x00, 0x00, 0x00, 0x00, 0x00, 0x60, 0x00, 0x00, 0x00,
	0x00, 0x00, 0x00, 0x00, 0x58, 0x00, 0x00, 0x00, 0x74, 0x00, 0x00, 0x00,
	0x00, 0x00, 0x00, 0x00, 0x00, 0x00, 0x00, 0x00, 0x00, 0x00, 0x01, 0x04,
	0x02, 0x00, 0x02, 0x00, 0x04, 0x00, 0x00, 0x00, 0x00, 0xa1, 0xc0, 0x2e,
	0x00, 0x00, 0x00, 0x00, 0x50, 0x00, 0x00, 0x00, 0x20, 0x00, 0x00, 0x00,
	0x01, 0xf9, 0x00, 0x00, 0x01, 0x00, 0x00, 0x00, 0x40, 0x00, 0x00, 0x00,
	0x20, 0x00, 0x00, 0x00, 0x00, 0x00, 0x00, 0x00, 0x00, 0x00, 0x00, 0x00,
	0x00, 0x07, 0x44, 0xfa, 0x40, 0x00, 0x04, 0xa0, 0x86, 0x47, 0xa4, 0x10,
	0x02, 0x00, 0x04, 0xa0, 0x86, 0x47, 0xa4, 0x10, 0x40, 0x00, 0x00, 0x00,
	0x02, 0x04, 0x02, 0x00, 0x01, 0x00, 0x00, 0x00, 0x00, 0x00, 0x00, 0x00,
	0x36, 0x00, 0x00, 0x00, 0x02, 0x04, 0x02, 0x00, 0x01, 0x00, 0x00, 0x00,
	0x01, 0x00, 0x00, 0x00, 0x02, 0x03, 0x02, 0x03, 0x00, 0x00, 0x00, 0x00,
	0x00, 0x00, 0x00, 0x00, 0x00, 0x00, 0x00, 0x00, 0x00, 0x00, 0x00, 0x00,
	0x00, 0x00, 0x00, 0x00, 0x00, 0x00, 0x00, 0x00, 0x00, 0x00, 0x00, 0x00,
	0x75, 0x54, 0x65, 0x78, 0x30, 0x00, 0x75, 0x54, 0x65, 0x78, 0x31, 0x00,
};

alignas(4) static const unsigned char gxs_generic_f_t2_e0_a0_f1[] = {
	0x47, 0x58, 0x50, 0x00, 0x01, 0x05, 0x50, 0x03, 0x8a, 0x01, 0x00, 0x00,
	0x44, 0x9b, 0x0e, 0xff, 0x44, 0x8b, 0x93, 0x9b, 0x05, 0x18, 0x18, 0x00,
	0x00, 0x00, 0x00, 0x10, 0x11, 0x00, 0x00, 0x00, 0x00, 0x00, 0x00, 0x00,
	0x03, 0x00, 0x00, 0x00, 0xfc, 0x00, 0x00, 0x00, 0x70, 0x00, 0x00, 0x00,
	0x07, 0x00, 0x04, 0x00, 0x00, 0x00, 0x00, 0x00, 0x00, 0x00, 0x01, 0x00,
	0x06, 0x00, 0x00, 0x00, 0xac, 0x00, 0x00, 0x00, 0x01, 0x00, 0x00, 0x00,
	0x98, 0x00, 0x00, 0x00, 0x9c, 0x00, 0x00, 0x00, 0x00, 0x00, 0x00, 0x00,
	0x00, 0x00, 0x00, 0x00, 0x00, 0x00, 0x00, 0x00, 0x00, 0x00, 0x00, 0x00,
	0x00, 0x00, 0x00, 0x00, 0x04, 0x00, 0x00, 0x00, 0xb4, 0x00, 0x00, 0x00,
	0xc0, 0x3d, 0x03, 0x00, 0x00, 0x00, 0x00, 0x00, 0xa8, 0x00, 0x00, 0x00,
	0x00, 0x00, 0x00, 0x00, 0xa8, 0x00, 0x00, 0x00, 0x00, 0x00, 0x00, 0x00,
	0x98, 0x00, 0x00, 0x00, 0x00, 0x00, 0x00, 0x00, 0x90, 0x00, 0x00, 0x00,
	0x01, 0x00, 0x00, 0x00, 0x88, 0x00, 0x00, 0x00, 0xbc, 0x00, 0x00, 0x00,
	0x00, 0x00, 0x00, 0x00, 0x00, 0x00, 0x00, 0x00, 0x00, 0x00, 0x01, 0x04,
	0x03, 0x00, 0x02, 0x00, 0x04, 0x00, 0x00, 0x00, 0x00, 0xa1, 0xc0, 0x2c,
	0x00, 0x00, 0x00, 0x00, 0x50, 0x00, 0x00, 0x00, 0x20, 0x00, 0x00, 0x00,
	0x01, 0xf9, 0x00, 0x00, 0x01, 0x00, 0x00, 0x00, 0x40, 0x00, 0x00, 0x00,
	0x20, 0x00, 0x00, 0x00, 0x0f, 0x20, 0x00, 0x2e, 0x00, 0x00, 0x00, 0x00,
	0x00, 0x00, 0x00, 0x00, 0x00, 0x00, 0x00, 0x00, 0x02, 0x80, 0x01, 0xa0,
	0x7e, 0x0d, 0x84, 0x40, 0x00, 0x00, 0x00, 0x00, 0x00, 0x00, 0x00, 0x00,
	0x00, 0x07, 0x44, 0xfa, 0x40, 0x00, 0x04, 0xa0, 0x86, 0x47, 0xa4, 0x10,
	0x02, 0x00, 0x44, 0xa0, 0x86, 0x47, 0xa4, 0x10, 0x01, 0x30, 0x00, 0xe0,
	0x86, 0x92, 0x80, 0x04, 0x40, 0x30, 0x00, 0xa0, 0xa6, 0x92, 0x80, 0x04,
	0x40, 0x80, 0x36, 0xa0, 0x8a, 0xf7, 0xa4, 0x10, 0x0e, 0x00, 0x00, 0x00,
	0x00, 0x00, 0x04, 0x00, 0x50, 0x00, 0x00, 0x00, 0x01, 0xe4, 0x00, 0x00,
	0x01, 0x00, 0x00, 0x00, 0x00, 0x00, 0x00, 0x00, 0x4a, 0x00, 0x00, 0x00,
	0x02, 0x04, 0x02, 0x00, 0x01, 0x00, 0x00, 0x00, 0x00, 0x00, 0x00, 0x00,
	0x40, 0x00, 0x00, 0x00, 0x02, 0x04, 0x02, 0x00, 0x01, 0x00, 0x00, 0x00,
	0x01, 0x00, 0x00, 0x00, 0x02, 0x03, 0x02, 0x03, 0x00, 0x00, 0x00, 0x00,
	0x00, 0x00, 0x00, 0x00, 0x00, 0x00, 0x00, 0x00, 0x00, 0x00, 0x00, 0x00,
	0x00, 0x00, 0x00, 0x00, 0x00, 0x00, 0x00, 0x00, 0x00, 0x00, 0x00, 0x00,
	0x75, 0x46, 0x6f, 0x67, 0x43, 0x6f, 0x6c, 0x6f, 0x72, 0x00, 0x75, 0x54,
	0x65, 0x78, 0x30, 0x00, 0x75, 0x54, 0x65, 0x78, 0x31, 0x00, 0x00, 0x00,
};

alignas(4) static const unsigned char gxs_generic_f_t2_e0_a1_f0[] = {
	0x47, 0x58, 0x50, 0x00, 0x01, 0x05, 0x50, 0x03, 0x6c, 0x01, 0x00, 0x00,
	0xe7, 0x8c, 0xc6, 0xe1, 0x44, 0x8b, 0x93, 0xa2, 0x0d, 0x18, 0x18, 0x00,
	0x00, 0x00, 0x00, 0x00, 0x11, 0x00, 0x00, 0x00, 0x00, 0x00, 0x00, 0x00,
	0x02, 0x00, 0x00, 0x00, 0xf8, 0x00, 0x00, 0x00, 0x70, 0x00, 0x00, 0x00,
	0x06, 0x00, 0x01, 0x00, 0x00, 0x00, 0x00, 0x00, 0x00, 0x00, 0x02, 0x00,
	0x07, 0x00, 0x00, 0x00, 0x98, 0x00, 0x00, 0x00, 0x00, 0x00, 0x00, 0x00,
	0x88, 0x00, 0x00, 0x00, 0x84, 0x00, 0x00, 0x00, 0x00, 0x00, 0x00, 0x00,
	0x00, 0x00, 0x00, 0x00, 0x00, 0x00, 0x00, 0x00, 0x01, 0x00, 0x00, 0x00,
	0x00, 0x00, 0x00, 0x00, 0x00, 0x00, 0x00, 0x00, 0xb0, 0x00, 0x00, 0x00,
	0xc0, 0x3d, 0x03, 0x00, 0x01, 0x00, 0x00, 0x00, 0x9c, 0x00, 0x00, 0x00,
	0x00, 0x00, 0x00, 0x00, 0xa4, 0x00, 0x00, 0x00, 0x00, 0x00, 0x00, 0x00,
	0x94, 0x00, 0x00, 0x00, 0x00, 0x00, 0x00, 0x00, 0x8c, 0x00, 0x00, 0x00,
	0x01, 0x00, 0x00, 0x00, 0x84, 0x00, 0x00, 0x00, 0xa8, 0x00, 0x00, 0x00,
	0x00, 0x00, 0x00, 0x00, 0x00, 0x00, 0x00, 0x00, 0x00, 0x00, 0x01, 0x04,
	0x02, 0x00, 0x02, 0x00, 0x04, 0x00, 0x00, 0x00, 0x00, 0xa1, 0xc0, 0x2e,
	0x00, 0x00, 0x00, 0x00, 0x50, 0x00, 0x00, 0x00, 0x20, 0x00, 0x00, 0x00,
	0x01, 0xf9, 0x00, 0x00, 0x01, 0x00, 0x00, 0x00, 0x40, 0x00, 0x00, 0x00,
	0x20, 0x00, 0x00, 0x00, 0x00, 0x00, 0x00, 0x00, 0x06, 0x00, 0x00, 0x00,
	0x00, 0x00, 0x00, 0x00, 0x00, 0x01, 0x44, 0xfa, 0x40, 0x00, 0x04, 0xa0,
	0x86, 0x47, 0xa4, 0x10, 0x02, 0x00, 0x04, 0xa0, 0x86, 0x47, 0xa4, 0x10,
	0x00, 0x80, 0x03, 0x90, 0xb5, 0x4a, 0x89, 0x48, 0x00, 0x00, 0x00, 0xf0,
	0x06, 0x04, 0x30, 0xf9, 0x00, 0x00, 0x00, 0x00, 0x40, 0x01, 0x04, 0xf8,
	0x00, 0x00, 0x00, 0x00, 0x00, 0x07, 0x44, 0xfa, 0x00, 0x00, 0x00, 0x00,
	0x00, 0xe0, 0x00, 0x00, 0x13, 0x00, 0x00, 0x00, 0x00, 0x00, 0x01, 0x00,
	0x40, 0x00, 0x00, 0x00, 0x02, 0x04, 0x02, 0x00, 0x01, 0x00, 0x00, 0x00,
	0x00, 0x00, 0x00, 0x00, 0x36, 0x00, 0x00, 0x00, 0x02, 0x04, 0x02, 0x00,
	0x01, 0x00, 0x00, 0x00, 0x01, 0x00, 0x00, 0x00, 0x02, 0x03, 0x02, 0x03,
	0x00, 0x00, 0x00, 0x00, 0x00, 0x00, 0x00, 0x00, 0x00, 0x00, 0x00, 0x00,
	0x00, 0x00, 0x00, 0x00, 0x00, 0x00, 0x00, 0x00, 0x00, 0x00, 0x00, 0x00,
	0x00, 0x00, 0x00, 0x00, 0x75, 0x54, 0x65, 0x78, 0x30, 0x00, 0x75, 0x54,
	0x65, 0x78, 0x31, 0x00,
};

alignas(4) static const unsigned char gxs_generic_f_t2_e0_a1_f1[] = {
	0x47, 0x58, 0x50, 0x00, 0x01, 0x05, 0x50, 0x03, 0xbe, 0x01, 0x00, 0x00,
	0xa5, 0x04, 0xed, 0xe3, 0x44, 0x8c, 0x93, 0xcd, 0x0d, 0x18, 0x18, 0x00,
	0x00, 0x00, 0x00, 0x10, 0x11, 0x00, 0x00, 0x00, 0x00, 0x00, 0x00, 0x00,
	0x03, 0x00, 0x00, 0x00, 0x30, 0x01, 0x00, 0x00, 0x70, 0x00, 0x00, 0x00,
	0x07, 0x00, 0x05, 0x00, 0x00, 0x00, 0x00, 0x00, 0x00, 0x00, 0x02, 0x00,
	0x0a, 0x00, 0x00, 0x00, 0xb0, 0x00, 0x00, 0x00, 0x01, 0x00, 0x00, 0x00,
	0x98, 0x00, 0x00, 0x00, 0x9c, 0x00, 0x00, 0x00, 0x00, 0x00, 0x00, 0x00,
	0x00, 0x00, 0x00, 0x00, 0x00, 0x00, 0x00, 0x00, 0x01, 0x00, 0x00, 0x00,
	0x00, 0x00, 0x00, 0x00, 0x04, 0x00, 0x00, 0x00, 0xe0, 0x00, 0x00, 0x00,
	0xc0, 0x3d, 0x03, 0x00, 0x01, 0x00, 0x00, 0x00, 0xcc, 0x00, 0x00, 0x00,
	0x00, 0x00, 0x00, 0x00, 0xdc, 0x00, 0x00, 0x00, 0x00, 0x00, 0x00, 0x00,
	0xc4, 0x00, 0x00, 0x00, 0x00, 0x00, 0x00, 0x00, 0xbc, 0x00, 0x00, 0x00,
	0x02, 0x00, 0x00, 0x00, 0xb4, 0x00, 0x00, 0x00, 0xf0, 0x00, 0x00, 0x00,
	0x00, 0x00, 0x00, 0x00, 0x00, 0x00, 0x00, 0x00, 0x00, 0x00, 0x01, 0x04,
	0x03, 0x00, 0x02, 0x00, 0x04, 0x00, 0x00, 0x00, 0x00, 0xa1, 0xc0, 0x2c,
	0x00, 0x00, 0x00, 0x00, 0x50, 0x00, 0x00, 0x00, 0x20, 0x00, 0x00, 0x00,
	0x01, 0xf9, 0x00, 0x00, 0x01, 0x00, 0x00, 0x00, 0x40, 0x00, 0x00, 0x00,
	0x20, 0x00, 0x00, 0x00, 0x0f, 0x20, 0x00, 0x2e, 0x00, 0x00, 0x00, 0x00,
	0x00, 0x00, 0x00, 0x00, 0x00, 0x00, 0x00, 0x00, 0x02, 0x80, 0x01, 0xa0,
	0x7e, 0x0d, 0x84, 0x40, 0x00, 0x00, 0x00, 0x00, 0x06, 0x00, 0x00, 0x00,
	0x00, 0x00, 0x00, 0x00, 0x00, 0x01, 0x44, 0xfa, 0x40, 0x00, 0x04, 0xa0,
	0x86, 0x47, 0xa4, 0x10, 0x02, 0x00, 0x44, 0xa0, 0x86, 0x47, 0xa4, 0x10,
	0x80, 0x80, 0x03, 0x90, 0xb5, 0x4a, 0x89, 0x48, 0x04, 0x02, 0x00, 0xf0,
	0x06, 0x04, 0x30, 0xf9, 0x00, 0x00, 0x00, 0x00, 0x40, 0x01, 0x04, 0xf8,
	0x00, 0x00, 0x00, 0x00, 0x00, 0x07, 0x44, 0xfa, 0x01, 0x30, 0x00, 0xe0,
	0x86, 0x92, 0x80, 0x04, 0x40, 0x30, 0x00, 0xa0, 0xa6, 0x92, 0x80, 0x04,
	0x40, 0x80, 0x36, 0xa0, 0x8a, 0xf7, 0xa4, 0x10, 0x00, 0x00, 0x00, 0x00,
	0x00, 0xe0, 0x00, 0x00, 0x0e, 0x00, 0x00, 0x00, 0x00, 0x00, 0x04, 0x00,
	0x13, 0x00, 0x00, 0x00, 0x04, 0x00, 0x01, 0x00, 0x50, 0x00, 0x00, 0x00,
	0x01, 0xe4, 0x00, 0x00, 0x01, 0x00, 0x00, 0x00, 0x00, 0x00, 0x00, 0x00,
	0x4a, 0x00, 0x00, 0x00, 0x02, 0x04, 0x02, 0x00, 0x01, 0x00, 0x00, 0x00,
	0x00, 0x00, 0x00, 0x00, 0x40, 0x00, 0x00, 0x00, 0x02, 0x04, 0x02, 0x00,
	0x01, 0x00, 0x00, 0x00, 0x01, 0x00, 0x00, 0x00, 0x02, 0x03, 0x02, 0x03,
	0x00, 0x00, 0x00, 0x00, 0x00, 0x00, 0x00, 0x00, 0x00, 0x00, 0x00, 0x00,
	0x00, 0x00, 0x00, 0x00, 0x00, 0x00, 0x00, 0x00, 0x00, 0x00, 0x00, 0x00,
	0x00, 0x00, 0x00, 0x00, 0x75, 0x46, 0x6f, 0x67, 0x43, 0x6f, 0x6c, 0x6f,
	0x72, 0x00, 0x75, 0x54, 0x65, 0x78, 0x30, 0x00, 0x75, 0x54, 0x65, 0x78,
	0x31, 0x00, 0x00, 0x00,
};

alignas(4) static const unsigned char gxs_generic_f_t2_e0_a2_f0[] = {
	0x47, 0x58, 0x50, 0x00, 0x01, 0x05, 0x50, 0x03, 0x7c, 0x01, 0x00, 0x00,
	0x72, 0xe1, 0x72, 0x5c, 0x44, 0x8c, 0x93, 0xd4, 0x0d, 0x18, 0x18, 0x00,
	0x00, 0x00, 0x00, 0x00, 0x11, 0x00, 0x00, 0x00, 0x00, 0x00, 0x00, 0x00,
	0x02, 0x00, 0x00, 0x00, 0x08, 0x01, 0x00, 0x00, 0x70, 0x00, 0x00, 0x00,
	0x06, 0x00, 0x03, 0x00, 0x00, 0x00, 0x00, 0x00, 0x00, 0x00, 0x02, 0x00,
	0x07, 0x00, 0x00, 0x00, 0x98, 0x00, 0x00, 0x00, 0x00, 0x00, 0x00, 0x00,
	0x88, 0x00, 0x00, 0x00, 0x84, 0x00, 0x00, 0x00, 0x00, 0x00, 0x00, 0x00,
	0x00, 0x00, 0x00, 0x00, 0x00, 0x00, 0x00, 0x00, 0x03, 0x00, 0x00, 0x00,
	0x00, 0x00, 0x00, 0x00, 0x00, 0x00, 0x00, 0x00, 0xc0, 0x00, 0x00, 0x00,
	0xc0, 0x3d, 0x03, 0x00, 0x03, 0x00, 0x00, 0x00, 0x9c, 0x00, 0x00, 0x00,
	0x00, 0x00, 0x00, 0x00, 0xb4, 0x00, 0x00, 0x00, 0x00, 0x00, 0x00, 0x00,
	0xa4, 0x00, 0x00, 0x00, 0x00, 0x00, 0x00, 0x00, 0x9c, 0x00, 0x00, 0x00,
	0x01, 0x00, 0x00, 0x00, 0x94, 0x00, 0x00, 0x00, 0xb8, 0x00, 0x00, 0x00,
	0x00, 0x00, 0x00, 0x00, 0x00, 0x00, 0x00, 0x00, 0x00, 0x00, 0x01, 0x04,
	0x02, 0x00, 0x02, 0x00, 0x04, 0x00, 0x00, 0x00, 0x00, 0xa1, 0xc0, 0x2e,
	0x00, 0x00, 0x00, 0x00, 0x50, 0x00, 0x00, 0x00, 0x20, 0x00, 0x00, 0x00,
	0x01, 0xf9, 0x00, 0x00, 0x01, 0x00, 0x00, 0x00, 0x40, 0x00, 0x00, 0x00,
	0x20, 0x00, 0x00, 0x00, 0x00, 0x00, 0x00, 0x00, 0x06, 0x00, 0x00, 0x00,
	0x00, 0x00, 0x00, 0x00, 0x00, 0x01, 0x44, 0xfa, 0x40, 0x00, 0x04, 0xa0,
	0x86, 0x47, 0xa4, 0x10, 0x02, 0x00, 0x04, 0xa0, 0x86, 0x47, 0xa4, 0x10,
	0x01, 0x80, 0x03, 0xb0, 0xb5, 0x46, 0x88, 0x48, 0x00, 0x00, 0x00, 0xf0,
	0x06, 0x04, 0x30, 0xf9, 0x00, 0x00, 0x00, 0x00, 0x40, 0x01, 0x04, 0xf8,
	0x00, 0x00, 0x00, 0x00, 0x00, 0x07, 0x44, 0xfa, 0x01, 0x00, 0x00, 0x00,
	0xff, 0xff, 0xff, 0xff, 0x02, 0x00, 0x00, 0x00, 0x00, 0x38, 0x00, 0x00,
	0x00, 0x00, 0x00, 0x00, 0x00, 0xe0, 0x00, 0x00, 0x13, 0x00, 0x00, 0x00,
	0x00, 0x00, 0x03, 0x00, 0x40, 0x00, 0x00, 0x00, 0x02, 0x04, 0x02, 0x00,
	0x01, 0x00, 0x00, 0x00, 0x00, 0x00, 0x00, 0x00, 0x36, 0x00, 0x00, 0x00,
	0x02, 0x04, 0x02, 0x00, 0x01, 0x00, 0x00, 0x00, 0x01, 0x00, 0x00, 0x00,
	0x02, 0x03, 0x02, 0x03, 0x00, 0x00, 0x00, 0x00, 0x00, 0x00, 0x00, 0x00,
	0x00, 0x00, 0x00, 0x00, 0x00, 0x00, 0x00, 0x00, 0x00, 0x00, 0x00, 0x00,
	0x00, 0x00, 0x00, 0x00, 0x00, 0x00, 0x00, 0x00, 0x75, 0x54, 0x65, 0x78,
	0x30, 0x00, 0x75, 0x54, 0x65, 0x78, 0x31, 0x00,
};

alignas(4) static const unsigned char gxs_generic_f_t2_e0_a2_f1[] = {
	0x47, 0x58, 0x50, 0x00, 0x01, 0x05, 0x50, 0x03, 0xce, 0x01, 0x00, 0x00,
	0x32, 0x59, 0x86, 0xdf, 0x44, 0x8d, 0x93, 0xff, 0x0d, 0x18, 0x18, 0x00,
	0x00, 0x00, 0x00, 0x10, 0x11, 0x00, 0x00, 0x00, 0x00, 0x00, 0x00, 0x00,
	0x03, 0x00, 0x00, 0x00, 0x40, 0x01, 0x00, 0x00, 0x70, 0x00, 0x00, 0x00,
	0x07, 0x00, 0x07, 0x00, 0x00, 0x00, 0x00, 0x00, 0x00, 0x00, 0x02, 0x00,
	0x0a, 0x00, 0x00, 0x00, 0xb0, 0x00, 0x00, 0x00, 0x01, 0x00, 0x00, 0x00,
	0x98, 0x00, 0x00, 0x00, 0x9c, 0x00, 0x00, 0x00, 0x00, 0x00, 0x00, 0x00,
	0x00, 0x00, 0x00, 0x00, 0x00, 0x00, 0x00, 0x00, 0x03, 0x00, 0x00, 0x00,
	0x00, 0x00, 0x00, 0x00, 0x04, 0x00, 0x00, 0x00, 0xf0, 0x00, 0x00, 0x00,
	0xc0, 0x3d, 0x03, 0x00, 0x03, 0x00, 0x00, 0x00, 0xcc, 0x00, 0x00, 0x00,
	0x00, 0x00, 0x00, 0x00, 0xec, 0x00, 0x00, 0x00, 0x00, 0x00, 0x00, 0x00,
	0xd4, 0x00, 0x00, 0x00, 0x00, 0x00, 0x00, 0x00, 0xcc, 0x00, 0x00, 0x00,
	0x02, 0x00, 0x00, 0x00, 0xc4, 0x00, 0x00, 0x00, 0x00, 0x01, 0x00, 0x00,
	0x00, 0x00, 0x00, 0x00, 0x00, 0x00, 0x00, 0x00, 0x00, 0x00, 0x01, 0x04,
	0x03, 0x00, 0x02, 0x00, 0x04, 0x00, 0x00, 0x00, 0x00, 0xa1, 0xc0, 0x2c,
	0x00, 0x00, 0x00, 0x00, 0x50, 0x00, 0x00, 0x00, 0x20, 0x00, 0x00, 0x00,
	0x01, 0xf9, 0x00, 0x00, 0x01, 0x00, 0x00, 0x00, 0x40, 0x00, 0x00, 0x00,
	0x20, 0x00, 0x00, 0x00, 0x0f, 0x20, 0x00, 0x2e, 0x00, 0x00, 0x00, 0x00,
	0x00, 0x00, 0x00, 0x00, 0x00, 0x00, 0x00, 0x00, 0x02, 0x80, 0x01, 0xa0,
	0x7e, 0x0d, 0x84, 0x40, 0x00, 0x00, 0x00, 0x00, 0x06, 0x00, 0x00, 0x00,
	0x00, 0x00, 0x00, 0x00, 0x00, 0x01, 0x44, 0xfa, 0x40, 0x00, 0x04, 0xa0,
	0x86, 0x47, 0xa4, 0x10, 0x02, 0x00, 0x44, 0xa0, 0x86, 0x47, 0xa4, 0x10,
	0x83, 0x80, 0x03, 0xb0, 0xb5, 0x46, 0x88, 0x48, 0x04, 0x02, 0x00, 0xf0,
	0x06, 0x04, 0x30, 0xf9, 0x00, 0x00, 0x00, 0x00, 0x40, 0x01, 0x04, 0xf8,
	0x00, 0x00, 0x00, 0x00, 0x00, 0x07, 0x44, 0xfa, 0x01, 0x30, 0x00, 0xe0,
	0x86, 0x92, 0x80, 0x04, 0x40, 0x30, 0x00, 0xa0, 0xa6, 0x92, 0x80, 0x04,
	0x40, 0x80, 0x36, 0xa0, 0x8a, 0xf7, 0xa4, 0x10, 0x01, 0x00, 0x00, 0x00,
	0xff, 0xff, 0xff, 0xff, 0x02, 0x00, 0x00, 0x00, 0x00, 0x38, 0x00, 0x00,
	0x00, 0x00, 0x00, 0x00, 0x00, 0xe0, 0x00, 0x00, 0x0e, 0x00, 0x00, 0x00,
	0x00, 0x00, 0x04, 0x00, 0x13, 0x00, 0x00, 0x00, 0x04, 0x00, 0x03, 0x00,
	0x50, 0x00, 0x00, 0x00, 0x01, 0xe4, 0x00, 0x00, 0x01, 0x00, 0x00, 0x00,
	0x00, 0x00, 0x00, 0x00, 0x4a, 0x00, 0x00, 0x00, 0x02, 0x04, 0x02, 0x00,
	0x01, 0x00, 0x00, 0x00, 0x00, 0x00, 0x00, 0x00, 0x40, 0x00, 0x00, 0x00,
	0x02, 0x04, 0x02, 0x00, 0x01, 0x00, 0x00, 0x00, 0x01, 0x00, 0x00, 0x00,
	0x02, 0x03, 0x02, 0x03, 0x00, 0x00, 0x00, 0x00, 0x00, 0x00, 0x00, 0x00,
	0x00, 0x00, 0x00, 0x00, 0x00, 0x00, 0x00, 0x00, 0x00, 0x00, 0x00, 0x00,
	0x00, 0x00, 0x00, 0x00, 0x00, 0x00, 0x00, 0x00, 0x75, 0x46, 0x6f, 0x67,
	0x43, 0x6f, 0x6c, 0x6f, 0x72, 0x00, 0x75, 0x54, 0x65, 0x78, 0x30, 0x00,
	0x75, 0x54, 0x65, 0x78, 0x31, 0x00, 0x00, 0x00,
};

alignas(4) static const unsigned char gxs_generic_f_t2_e0_a3_f0[] = {
	0x47, 0x58, 0x50, 0x00, 0x01, 0x05, 0x50, 0x03, 0x7c, 0x01, 0x00, 0x00,
	0xf2, 0xe3, 0x73, 0x06, 0x44, 0x8d, 0x94, 0x06, 0x0d, 0x18, 0x18, 0x00,
	0x00, 0x00, 0x00, 0x00, 0x11, 0x00, 0x00, 0x00, 0x00, 0x00, 0x00, 0x00,
	0x02, 0x00, 0x00, 0x00, 0x08, 0x01, 0x00, 0x00, 0x70, 0x00, 0x00, 0x00,
	0x06, 0x00, 0x03, 0x00, 0x00, 0x00, 0x00, 0x00, 0x00, 0x00, 0x02, 0x00,
	0x07, 0x00, 0x00, 0x00, 0x98, 0x00, 0x00, 0x00, 0x00, 0x00, 0x00, 0x00,
	0x88, 0x00, 0x00, 0x00, 0x84, 0x00, 0x00, 0x00, 0x00, 0x00, 0x00, 0x00,
	0x00, 0x00, 0x00, 0x00, 0x00, 0x00, 0x00, 0x00, 0x03, 0x00, 0x00, 0x00,
	0x00, 0x00, 0x00, 0x00, 0x00, 0x00, 0x00, 0x00, 0xc0, 0x00, 0x00, 0x00,
	0xc0, 0x3d, 0x03, 0x00, 0x03, 0x00, 0x00, 0x00, 0x9c, 0x00, 0x00, 0x00,
	0x00, 0x00, 0x00, 0x00, 0xb4, 0x00, 0x00, 0x00, 0x00, 0x00, 0x00, 0x00,
	0xa4, 0x00, 0x00, 0x00, 0x00, 0x00, 0x00, 0x00, 0x9c, 0x00, 0x00, 0x00,
	0x01, 0x00, 0x00, 0x00, 0x94, 0x00, 0x00, 0x00, 0xb8, 0x00, 0x00, 0x00,
	0x00, 0x00, 0x00, 0x00, 0x00, 0x00, 0x00, 0x00, 0x00, 0x00, 0x01, 0x04,
	0x02, 0x00, 0x02, 0x00, 0x04, 0x00, 0x00, 0x00, 0x00, 0xa1, 0xc0, 0x2e,
	0x00, 0x00, 0x00, 0x00, 0x50, 0x00, 0x00, 0x00, 0x20, 0x00, 0x00, 0x00,
	0x01, 0xf9, 0x00, 0x00, 0x01, 0x00, 0x00, 0x00, 0x40, 0x00, 0x00, 0x00,
	0x20, 0x00, 0x00, 0x00, 0x00, 0x00, 0x00, 0x00, 0x06, 0x00, 0x00, 0x00,
	0x00, 0x00, 0x00, 0x00, 0x00, 0x01, 0x44, 0xfa, 0x40, 0x00, 0x04, 0xa0,
	0x86, 0x47, 0xa4, 0x10, 0x02, 0x00, 0x04, 0xa0, 0x86, 0x47, 0xa4, 0x10,
	0x01, 0x80, 0x03, 0xb0, 0x35, 0x49, 0x88, 0x48, 0x00, 0x00, 0x00, 0xf0,
	0x06, 0x04, 0x30, 0xf9, 0x00, 0x00, 0x00, 0x00, 0x40, 0x01, 0x04, 0xf8,
	0x00, 0x00, 0x00, 0x00, 0x00, 0x07, 0x44, 0xfa, 0x01, 0x00, 0x00, 0x00,
	0xff, 0xff, 0xff, 0xff, 0x02, 0x00, 0x00, 0x00, 0x00, 0x38, 0x00, 0x00,
	0x00, 0x00, 0x00, 0x00, 0x00, 0xe0, 0x00, 0x00, 0x13, 0x00, 0x00, 0x00,
	0x00, 0x00, 0x03, 0x00, 0x40, 0x00, 0x00, 0x00, 0x02, 0x04, 0x02, 0x00,
	0x01, 0x00, 0x00, 0x00, 0x00, 0x00, 0x00, 0x00, 0x36, 0x00, 0x00, 0x00,
	0x02, 0x04, 0x02, 0x00, 0x01, 0x00, 0x00, 0x00, 0x01, 0x00, 0x00, 0x00,
	0x02, 0x03, 0x02, 0x03, 0x00, 0x00, 0x00, 0x00, 0x00, 0x00, 0x00, 0x00,
	0x00, 0x00, 0x00, 0x00, 0x00, 0x00, 0x00, 0x00, 0x00, 0x00, 0x00, 0x00,
	0x00, 0x00, 0x00, 0x00, 0x00, 0x00, 0x00, 0x00, 0x75, 0x54, 0x65, 0x78,
	0x30, 0x00, 0x75, 0x54, 0x65, 0x78, 0x31, 0x00,
};

alignas(4) static const unsigned char gxs_generic_f_t2_e0_a3_f1[] = {
	0x47, 0x58, 0x50, 0x00, 0x01, 0x05, 0x50, 0x03, 0xce, 0x01, 0x00, 0x00,
	0xb2, 0x5b, 0x87, 0xd4, 0x44, 0x8e, 0x94, 0x31, 0x0d, 0x18, 0x18, 0x00,
	0x00, 0x00, 0x00, 0x10, 0x11, 0x00, 0x00, 0x00, 0x00, 0x00, 0x00, 0x00,
	0x03, 0x00, 0x00, 0x00, 0x40, 0x01, 0x00, 0x00, 0x70, 0x00, 0x00, 0x00,
	0x07, 0x00, 0x07, 0x00, 0x00, 0x00, 0x00, 0x00, 0x00, 0x00, 0x02, 0x00,
	0x0a, 0x00, 0x00, 0x00, 0xb0, 0x00, 0x00, 0x00, 0x01, 0x00, 0x00, 0x00,
	0x98, 0x00, 0x00, 0x00, 0x9c, 0x00, 0x00, 0x00, 0x00, 0x00, 0x00, 0x00,
	0x00, 0x00, 0x00, 0x00, 0x00, 0x00, 0x00, 0x00, 0x03, 0x00, 0x00, 0x00,
	0x00, 0x00, 0x00, 0x00, 0x04, 0x00, 0x00, 0x00, 0xf0, 0x00, 0x00, 0x00,
	0xc0, 0x3d, 0x03, 0x00, 0x03, 0x00, 0x00, 0x00, 0xcc, 0x00, 0x00, 0x00,
	0x00, 0x00, 0x00, 0x00, 0xec, 0x00, 0x00, 0x00, 0x00, 0x00, 0x00, 0x00,
	0xd4, 0x00, 0x00, 0x00, 0x00, 0x00, 0x00, 0x00, 0xcc, 0x00, 0x00, 0x00,
	0x02, 0x00, 0x00, 0x00, 0xc4, 0x00, 0x00, 0x00, 0x00, 0x01, 0x00, 0x00,
	0x00, 0x00, 0x00, 0x00, 0x00, 0x00, 0x00, 0x00, 0x00, 0x00, 0x01, 0x04,
	0x03, 0x00, 0x02, 0x00, 0x04, 0x00, 0x00, 0x00, 0x00, 0xa1, 0xc0, 0x2c,
	0x00, 0x00, 0x00, 0x00, 0x50, 0x00, 0x00, 0x00, 0x20, 0x00, 0x00, 0x00,
	0x01, 0xf9, 0x00, 0x00, 0x01, 0x00, 0x00, 0x00, 0x40, 0x00, 0x00, 0x00,
	0x20, 0x00, 0x00, 0x00, 0x0f, 0x20, 0x00, 0x2e, 0x00, 0x00, 0x00, 0x00,
	0x00, 0x00, 0x00, 0x00, 0x00, 0x00, 0x00, 0x00, 0x02, 0x80, 0x01, 0xa0,
	0x7e, 0x0d, 0x84, 0x40, 0x00, 0x00, 0x00, 0x00, 0x06, 0x00, 0x00, 0x00,
	0x00, 0x00, 0x00, 0x00, 0x00, 0x01, 0x44, 0xfa, 0x40, 0x00, 0x04, 0xa0,
	0x86, 0x47, 0xa4, 0x10, 0x02, 0x00, 0x44, 0xa0, 0x86, 0x47, 0xa4, 0x10,
	0x83, 0x80, 0x03, 0xb0, 0x35, 0x49, 0x88, 0x48, 0x04, 0x02, 0x00, 0xf0,
	0x06, 0x04, 0x30, 0xf9, 0x00, 0x00, 0x00, 0x00, 0x40, 0x01, 0x04, 0xf8,
	0x00, 0x00, 0x00, 0x00, 0x00, 0x07, 0x44, 0xfa, 0x01, 0x30, 0x00, 0xe0,
	0x86, 0x92, 0x80, 0x04, 0x40, 0x30, 0x00, 0xa0, 0xa6, 0x92, 0x80, 0x04,
	0x40, 0x80, 0x36, 0xa0, 0x8a, 0xf7, 0xa4, 0x10, 0x01, 0x00, 0x00, 0x00,
	0xff, 0xff, 0xff, 0xff, 0x02, 0x00, 0x00, 0x00, 0x00, 0x38, 0x00, 0x00,
	0x00, 0x00, 0x00, 0x00, 0x00, 0xe0, 0x00, 0x00, 0x0e, 0x00, 0x00, 0x00,
	0x00, 0x00, 0x04, 0x00, 0x13, 0x00, 0x00, 0x00, 0x04, 0x00, 0x03, 0x00,
	0x50, 0x00, 0x00, 0x00, 0x01, 0xe4, 0x00, 0x00, 0x01, 0x00, 0x00, 0x00,
	0x00, 0x00, 0x00, 0x00, 0x4a, 0x00, 0x00, 0x00, 0x02, 0x04, 0x02, 0x00,
	0x01, 0x00, 0x00, 0x00, 0x00, 0x00, 0x00, 0x00, 0x40, 0x00, 0x00, 0x00,
	0x02, 0x04, 0x02, 0x00, 0x01, 0x00, 0x00, 0x00, 0x01, 0x00, 0x00, 0x00,
	0x02, 0x03, 0x02, 0x03, 0x00, 0x00, 0x00, 0x00, 0x00, 0x00, 0x00, 0x00,
	0x00, 0x00, 0x00, 0x00, 0x00, 0x00, 0x00, 0x00, 0x00, 0x00, 0x00, 0x00,
	0x00, 0x00, 0x00, 0x00, 0x00, 0x00, 0x00, 0x00, 0x75, 0x46, 0x6f, 0x67,
	0x43, 0x6f, 0x6c, 0x6f, 0x72, 0x00, 0x75, 0x54, 0x65, 0x78, 0x30, 0x00,
	0x75, 0x54, 0x65, 0x78, 0x31, 0x00, 0x00, 0x00,
};

alignas(4) static const unsigned char gxs_generic_f_t2_e0_a4_f0[] = {
	0x47, 0x58, 0x50, 0x00, 0x01, 0x05, 0x50, 0x03, 0x7c, 0x01, 0x00, 0x00,
	0xf2, 0xe5, 0x73, 0x66, 0x44, 0x8e, 0x94, 0x38, 0x0d, 0x18, 0x18, 0x00,
	0x00, 0x00, 0x00, 0x00, 0x11, 0x00, 0x00, 0x00, 0x00, 0x00, 0x00, 0x00,
	0x02, 0x00, 0x00, 0x00, 0x08, 0x01, 0x00, 0x00, 0x70, 0x00, 0x00, 0x00,
	0x06, 0x00, 0x03, 0x00, 0x00, 0x00, 0x00, 0x00, 0x00, 0x00, 0x02, 0x00,
	0x07, 0x00, 0x00, 0x00, 0x98, 0x00, 0x00, 0x00, 0x00, 0x00, 0x00, 0x00,
	0x88, 0x00, 0x00, 0x00, 0x84, 0x00, 0x00, 0x00, 0x00, 0x00, 0x00, 0x00,
	0x00, 0x00, 0x00, 0x00, 0x00, 0x00, 0x00, 0x00, 0x03, 0x00, 0x00, 0x00,
	0x00, 0x00, 0x00, 0x00, 0x00, 0x00, 0x00, 0x00, 0xc0, 0x00, 0x00, 0x00,
	0xc0, 0x3d, 0x03, 0x00, 0x03, 0x00, 0x00, 0x00, 0x9c, 0x00, 0x00, 0x00,
	0x00, 0x00, 0x00, 0x00, 0xb4, 0x00, 0x00, 0x00, 0x00, 0x00, 0x00, 0x00,
	0xa4, 0x00, 0x00, 0x00, 0x00, 0x00, 0x00, 0x00, 0x9c, 0x00, 0x00, 0x00,
	0x01, 0x00, 0x00, 0x00, 0x94, 0x00, 0x00, 0x00, 0xb8, 0x00, 0x00, 0x00,
	0x00, 0x00, 0x00, 0x00, 0x00, 0x00, 0x00, 0x00, 0x00, 0x00, 0x01, 0x04,
	0x02, 0x00, 0x02, 0x00, 0x04, 0x00, 0x00, 0x00, 0x00, 0xa1, 0xc0, 0x2e,
	0x00, 0x00, 0x00, 0x00, 0x50, 0x00, 0x00, 0x00, 0x20, 0x00, 0x00, 0x00,
	0x01, 0xf9, 0x00, 0x00, 0x01, 0x00, 0x00, 0x00, 0x40, 0x00, 0x00, 0x00,
	0x20, 0x00, 0x00, 0x00, 0x00, 0x00, 0x00, 0x00, 0x06, 0x00, 0x00, 0x00,
	0x00, 0x00, 0x00, 0x00, 0x00, 0x01, 0x44, 0xfa, 0x40, 0x00, 0x04, 0xa0,
	0x86, 0x47, 0xa4, 0x10, 0x02, 0x00, 0x04, 0xa0, 0x86, 0x47, 0xa4, 0x10,
	0x01, 0x80, 0x03, 0xb0, 0x35, 0x49, 0x88, 0x48, 0x00, 0x00, 0x00, 0xf0,
	0x06, 0x04, 0x30, 0xf9, 0x00, 0x00, 0x00, 0x00, 0x40, 0x01, 0x04, 0xf8,
	0x00, 0x00, 0x00, 0x00, 0x00, 0x07, 0x44, 0xfa, 0x01, 0x00, 0x00, 0x00,
	0xff, 0xff, 0xff, 0xff, 0x02, 0x00, 0x00, 0x00, 0x00, 0x3a, 0x00, 0x00,
	0x00, 0x00, 0x00, 0x00, 0x00, 0xe0, 0x00, 0x00, 0x13, 0x00, 0x00, 0x00,
	0x00, 0x00, 0x03, 0x00, 0x40, 0x00, 0x00, 0x00, 0x02, 0x04, 0x02, 0x00,
	0x01, 0x00, 0x00, 0x00, 0x00, 0x00, 0x00, 0x00, 0x36, 0x00, 0x00, 0x00,
	0x02, 0x04, 0x02, 0x00, 0x01, 0x00, 0x00, 0x00, 0x01, 0x00, 0x00, 0x00,
	0x02, 0x03, 0x02, 0x03, 0x00, 0x00, 0x00, 0x00, 0x00, 0x00, 0x00, 0x00,
	0x00, 0x00, 0x00, 0x00, 0x00, 0x00, 0x00, 0x00, 0x00, 0x00, 0x00, 0x00,
	0x00, 0x00, 0x00, 0x00, 0x00, 0x00, 0x00, 0x00, 0x75, 0x54, 0x65, 0x78,
	0x30, 0x00, 0x75, 0x54, 0x65, 0x78, 0x31, 0x00,
};

alignas(4) static const unsigned char gxs_generic_f_t2_e0_a4_f1[] = {
	0x47, 0x58, 0x50, 0x00, 0x01, 0x05, 0x50, 0x03, 0xce, 0x01, 0x00, 0x00,
	0xb2, 0x5d, 0x88, 0x58, 0x44, 0x8f, 0x94, 0x63, 0x0d, 0x18, 0x18, 0x00,
	0x00, 0x00, 0x00, 0x10, 0x11, 0x00, 0x00, 0x00, 0x00, 0x00, 0x00, 0x00,
	0x03, 0x00, 0x00, 0x00, 0x40, 0x01, 0x00, 0x00, 0x70, 0x00, 0x00, 0x00,
	0x07, 0x00, 0x07, 0x00, 0x00, 0x00, 0x00, 0x00, 0x00, 0x00, 0x02, 0x00,
	0x0a, 0x00, 0x00, 0x00, 0xb0, 0x00, 0x00, 0x00, 0x01, 0x00, 0x00, 0x00,
	0x98, 0x00, 0x00, 0x00, 0x9c, 0x00, 0x00, 0x00, 0x00, 0x00, 0x00, 0x00,
	0x00, 0x00, 0x00, 0x00, 0x00, 0x00, 0x00, 0x00, 0x03, 0x00, 0x00, 0x00,
	0x00, 0x00, 0x00, 0x00, 0x04, 0x00, 0x00, 0x00, 0xf0, 0x00, 0x00, 0x00,
	0xc0, 0x3d, 0x03, 0x00, 0x03, 0x00, 0x00, 0x00, 0xcc, 0x00, 0x00, 0x00,
	0x00, 0x00, 0x00, 0x00, 0xec, 0x00, 0x00, 0x00, 0x00, 0x00, 0x00, 0x00,
	0xd4, 0x00, 0x00, 0x00, 0x00, 0x00, 0x00, 0x00, 0xcc, 0x00, 0x00, 0x00,
	0x02, 0x00, 0x00, 0x00, 0xc4, 0x00, 0x00, 0x00, 0x00, 0x01, 0x00, 0x00,
	0x00, 0x00, 0x00, 0x00, 0x00, 0x00, 0x00, 0x00, 0x00, 0x00, 0x01, 0x04,
	0x03, 0x00, 0x02, 0x00, 0x04, 0x00, 0x00, 0x00, 0x00, 0xa1, 0xc0, 0x2c,
	0x00, 0x00, 0x00, 0x00, 0x50, 0x00, 0x00, 0x00, 0x20, 0x00, 0x00, 0x00,
	0x01, 0xf9, 0x00, 0x00, 0x01, 0x00, 0x00, 0x00, 0x40, 0x00, 0x00, 0x00,
	0x20, 0x00, 0x00, 0x00, 0x0f, 0x20, 0x00, 0x2e, 0x00, 0x00, 0x00, 0x00,
	0x00, 0x00, 0x00, 0x00, 0x00, 0x00, 0x00, 0x00, 0x02, 0x80, 0x01, 0xa0,
	0x7e, 0x0d, 0x84, 0x40, 0x00, 0x00, 0x00, 0x00, 0x06, 0x00, 0x00, 0x00,
	0x00, 0x00, 0x00, 0x00, 0x00, 0x01, 0x44, 0xfa, 0x40, 0x00, 0x04, 0xa0,
	0x86, 0x47, 0xa4, 0x10, 0x02, 0x00, 0x44, 0xa0, 0x86, 0x47, 0xa4, 0x10,
	0x83, 0x80, 0x03, 0xb0, 0x35, 0x49, 0x88, 0x48, 0x04, 0x02, 0x00, 0xf0,
	0x06, 0x04, 0x30, 0xf9, 0x00, 0x00, 0x00, 0x00, 0x40, 0x01, 0x04, 0xf8,
	0x00, 0x00, 0x00, 0x00, 0x00, 0x07, 0x44, 0xfa, 0x01, 0x30, 0x00, 0xe0,
	0x86, 0x92, 0x80, 0x04, 0x40, 0x30, 0x00, 0xa0, 0xa6, 0x92, 0x80, 0x04,
	0x40, 0x80, 0x36, 0xa0, 0x8a, 0xf7, 0xa4, 0x10, 0x01, 0x00, 0x00, 0x00,
	0xff, 0xff, 0xff, 0xff, 0x02, 0x00, 0x00, 0x00, 0x00, 0x3a, 0x00, 0x00,
	0x00, 0x00, 0x00, 0x00, 0x00, 0xe0, 0x00, 0x00, 0x0e, 0x00, 0x00, 0x00,
	0x00, 0x00, 0x04, 0x00, 0x13, 0x00, 0x00, 0x00, 0x04, 0x00, 0x03, 0x00,
	0x50, 0x00, 0x00, 0x00, 0x01, 0xe4, 0x00, 0x00, 0x01, 0x00, 0x00, 0x00,
	0x00, 0x00, 0x00, 0x00, 0x4a, 0x00, 0x00, 0x00, 0x02, 0x04, 0x02, 0x00,
	0x01, 0x00, 0x00, 0x00, 0x00, 0x00, 0x00, 0x00, 0x40, 0x00, 0x00, 0x00,
	0x02, 0x04, 0x02, 0x00, 0x01, 0x00, 0x00, 0x00, 0x01, 0x00, 0x00, 0x00,
	0x02, 0x03, 0x02, 0x03, 0x00, 0x00, 0x00, 0x00, 0x00, 0x00, 0x00, 0x00,
	0x00, 0x00, 0x00, 0x00, 0x00, 0x00, 0x00, 0x00, 0x00, 0x00, 0x00, 0x00,
	0x00, 0x00, 0x00, 0x00, 0x00, 0x00, 0x00, 0x00, 0x75, 0x46, 0x6f, 0x67,
	0x43, 0x6f, 0x6c, 0x6f, 0x72, 0x00, 0x75, 0x54, 0x65, 0x78, 0x30, 0x00,
	0x75, 0x54, 0x65, 0x78, 0x31, 0x00, 0x00, 0x00,
};

alignas(4) static const unsigned char gxs_generic_f_t2_e1_a0_f0[] = {
	0x47, 0x58, 0x50, 0x00, 0x01, 0x05, 0x50, 0x03, 0x40, 0x01, 0x00, 0x00,
	0xfd, 0x42, 0xc8, 0x4d, 0x44, 0x8b, 0x93, 0xaa, 0x05, 0x18, 0x18, 0x00,
	0x00, 0x00, 0x00, 0x00, 0x11, 0x00, 0x00, 0x00, 0x00, 0x00, 0x00, 0x00,
	0x02, 0x00, 0x00, 0x00, 0xcc, 0x00, 0x00, 0x00, 0x70, 0x00, 0x00, 0x00,
	0x06, 0x00, 0x00, 0x00, 0x01, 0x00, 0x00, 0x00, 0x00, 0x00, 0x01, 0x00,
	0x04, 0x00, 0x00, 0x00, 0x94, 0x00, 0x00, 0x00, 0x00, 0x00, 0x00, 0x00,
	0x88, 0x00, 0x00, 0x00, 0x84, 0x00, 0x00, 0x00, 0x00, 0x00, 0x00, 0x00,
	0x00, 0x00, 0x00, 0x00, 0x00, 0x00, 0x00, 0x00, 0x00, 0x00, 0x00, 0x00,
	0x00, 0x00, 0x00, 0x00, 0x00, 0x00, 0x00, 0x00, 0x8c, 0x00, 0x00, 0x00,
	0xc0, 0x3d, 0x03, 0x00, 0x00, 0x00, 0x00, 0x00, 0x80, 0x00, 0x00, 0x00,
	0x00, 0x00, 0x00, 0x00, 0x78, 0x00, 0x00, 0x00, 0x00, 0x00, 0x00, 0x00,
	0x70, 0x00, 0x00, 0x00, 0x00, 0x00, 0x00, 0x00, 0x68, 0x00, 0x00, 0x00,
	0x00, 0x00, 0x00, 0x00, 0x60, 0x00, 0x00, 0x00, 0x7c, 0x00, 0x00, 0x00,
	0x00, 0x00, 0x00, 0x00, 0x00, 0x00, 0x00, 0x00, 0x00, 0x00, 0x01, 0x04,
	0x02, 0x00, 0x02, 0x00, 0x04, 0x00, 0x00, 0x00, 0x00, 0xa1, 0xc0, 0x2e,
	0x00, 0x00, 0x00, 0x00, 0x50, 0x00, 0x00, 0x00, 0x20, 0x00, 0x00, 0x00,
	0x01, 0xf9, 0x00, 0x00, 0x01, 0x00, 0x00, 0x00, 0x40, 0x00, 0x00, 0x00,
	0x20, 0x00, 0x00, 0x00, 0x00, 0x00, 0x00, 0x00, 0x00, 0x00, 0x00, 0x00,
	0x00, 0x07, 0x44, 0xfa, 0x40, 0x80, 0x2d, 0xa0, 0x84, 0x30, 0xa4, 0x10,
	0x02, 0x10, 0x00, 0xa0, 0x86, 0x92, 0xa0, 0x04, 0x02, 0x00, 0x00, 0x20,
	0x02, 0x34, 0x80, 0x10, 0x40, 0x00, 0x00, 0x00, 0x02, 0x04, 0x02, 0x00,
	0x01, 0x00, 0x00, 0x00, 0x00, 0x00, 0x00, 0x00, 0x36, 0x00, 0x00, 0x00,
	0x02, 0x04, 0x02, 0x00, 0x01, 0x00, 0x00, 0x00, 0x01, 0x00, 0x00, 0x00,
	0x02, 0x03, 0x02, 0x03, 0x00, 0x00, 0x00, 0x00, 0x00, 0x00, 0x00, 0x00,
	0x00, 0x00, 0x00, 0x00, 0x00, 0x00, 0x00, 0x00, 0x00, 0x00, 0x00, 0x00,
	0x00, 0x00, 0x00, 0x00, 0x00, 0x00, 0x00, 0x00, 0x75, 0x54, 0x65, 0x78,
	0x30, 0x00, 0x75, 0x54, 0x65, 0x78, 0x31, 0x00,
};

alignas(4) static const unsigned char gxs_generic_f_t2_e1_a0_f1[] = {
	0x47, 0x58, 0x50, 0x00, 0x01, 0x05, 0x50, 0x03, 0x8a, 0x01, 0x00, 0x00,
	0x43, 0x6f, 0x9a, 0x6e, 0x44, 0x8c, 0x93, 0xd5, 0x05, 0x18, 0x18, 0x00,
	0x00, 0x00, 0x00, 0x10, 0x11, 0x00, 0x00, 0x00, 0x00, 0x00, 0x00, 0x00,
	0x03, 0x00, 0x00, 0x00, 0xfc, 0x00, 0x00, 0x00, 0x70, 0x00, 0x00, 0x00,
	0x07, 0x00, 0x04, 0x00, 0x02, 0x00, 0x00, 0x00, 0x00, 0x00, 0x01, 0x00,
	0x06, 0x00, 0x00, 0x00, 0xac, 0x00, 0x00, 0x00, 0x01, 0x00, 0x00, 0x00,
	0x98, 0x00, 0x00, 0x00, 0x9c, 0x00, 0x00, 0x00, 0x00, 0x00, 0x00, 0x00,
	0x00, 0x00, 0x00, 0x00, 0x00, 0x00, 0x00, 0x00, 0x00, 0x00, 0x00, 0x00,
	0x00, 0x00, 0x00, 0x00, 0x04, 0x00, 0x00, 0x00, 0xb4, 0x00, 0x00, 0x00,
	0xc0, 0x3d, 0x03, 0x00, 0x00, 0x00, 0x00, 0x00, 0xa8, 0x00, 0x00, 0x00,
	0x00, 0x00, 0x00, 0x00, 0xa8, 0x00, 0x00, 0x00, 0x00, 0x00, 0x00, 0x00,
	0x98, 0x00, 0x00, 0x00, 0x00, 0x00, 0x00, 0x00, 0x90, 0x00, 0x00, 0x00,
	0x01, 0x00, 0x00, 0x00, 0x88, 0x00, 0x00, 0x00, 0xbc, 0x00, 0x00, 0x00,
	0x00, 0x00, 0x00, 0x00, 0x00, 0x00, 0x00, 0x00, 0x00, 0x00, 0x01, 0x04,
	0x03, 0x00, 0x02, 0x00, 0x04, 0x00, 0x00, 0x00, 0x00, 0xa1, 0xc0, 0x2c,
	0x00, 0x00, 0x00, 0x00, 0x50, 0x00, 0x00, 0x00, 0x20, 0x00, 0x00, 0x00,
	0x01, 0xf9, 0x00, 0x00, 0x01, 0x00, 0x00, 0x00, 0x40, 0x00, 0x00, 0x00,
	0x20, 0x00, 0x00, 0x00, 0x0f, 0x20, 0x00, 0x2e, 0x00, 0x00, 0x00, 0x00,
	0x00, 0x00, 0x00, 0x00, 0x00, 0x00, 0x00, 0x00, 0x02, 0x80, 0x01, 0xa0,
	0x7e, 0x0d, 0x84, 0x40, 0x00, 0x00, 0x00, 0x00, 0x00, 0x00, 0x00, 0x00,
	0x00, 0x07, 0x44, 0xfa, 0x02, 0x10, 0x00, 0xa0, 0x84, 0x92, 0xa0, 0x04,
	0x40, 0x80, 0x6d, 0xa0, 0x86, 0x30, 0xa4, 0x10, 0x00, 0x30, 0x00, 0xc0,
	0x86, 0x92, 0x80, 0x04, 0x00, 0x30, 0x00, 0x20, 0xa6, 0x92, 0x80, 0x04,
	0x42, 0x00, 0x00, 0xa0, 0x02, 0x34, 0x80, 0x10, 0x0e, 0x00, 0x00, 0x00,
	0x00, 0x00, 0x04, 0x00, 0x50, 0x00, 0x00, 0x00, 0x01, 0xe4, 0x00, 0x00,
	0x01, 0x00, 0x00, 0x00, 0x00, 0x00, 0x00, 0x00, 0x4a, 0x00, 0x00, 0x00,
	0x02, 0x04, 0x02, 0x00, 0x01, 0x00, 0x00, 0x00, 0x00, 0x00, 0x00, 0x00,
	0x40, 0x00, 0x00, 0x00, 0x02, 0x04, 0x02, 0x00, 0x01, 0x00, 0x00, 0x00,
	0x01, 0x00, 0x00, 0x00, 0x02, 0x03, 0x02, 0x03, 0x00, 0x00, 0x00, 0x00,
	0x00, 0x00, 0x00, 0x00, 0x00, 0x00, 0x00, 0x00, 0x00, 0x00, 0x00, 0x00,
	0x00, 0x00, 0x00, 0x00, 0x00, 0x00, 0x00, 0x00, 0x00, 0x00, 0x00, 0x00,
	0x75, 0x46, 0x6f, 0x67, 0x43, 0x6f, 0x6c, 0x6f, 0x72, 0x00, 0x75, 0x54,
	0x65, 0x78, 0x30, 0x00, 0x75, 0x54, 0x65, 0x78, 0x31, 0x00, 0x00, 0x00,
};

alignas(4) static const unsigned char gxs_generic_f_t2_e1_a1_f0[] = {
	0x47, 0x58, 0x50, 0x00, 0x01, 0x05, 0x50, 0x03, 0x74, 0x01, 0x00, 0x00,
	0x89, 0xfe, 0x5c, 0x25, 0x44, 0x8c, 0x93, 0xdc, 0x0d, 0x18, 0x18, 0x00,
	0x00, 0x00, 0x00, 0x00, 0x11, 0x00, 0x00, 0x00, 0x00, 0x00, 0x00, 0x00,
	0x02, 0x00, 0x00, 0x00, 0x00, 0x01, 0x00, 0x00, 0x70, 0x00, 0x00, 0x00,
	0x06, 0x00, 0x01, 0x00, 0x00, 0x00, 0x00, 0x00, 0x00, 0x00, 0x02, 0x00,
	0x08, 0x00, 0x00, 0x00, 0x98, 0x00, 0x00, 0x00, 0x00, 0x00, 0x00, 0x00,
	0x88, 0x00, 0x00, 0x00, 0x84, 0x00, 0x00, 0x00, 0x00, 0x00, 0x00, 0x00,
	0x00, 0x00, 0x00, 0x00, 0x00, 0x00, 0x00, 0x00, 0x01, 0x00, 0x00, 0x00,
	0x00, 0x00, 0x00, 0x00, 0x00, 0x00, 0x00, 0x00, 0xb8, 0x00, 0x00, 0x00,
	0xc0, 0x3d, 0x03, 0x00, 0x01, 0x00, 0x00, 0x00, 0xa4, 0x00, 0x00, 0x00,
	0x00, 0x00, 0x00, 0x00, 0xac, 0x00, 0x00, 0x00, 0x00, 0x00, 0x00, 0x00,
	0x9c, 0x00, 0x00, 0x00, 0x00, 0x00, 0x00, 0x00, 0x94, 0x00, 0x00, 0x00,
	0x01, 0x00, 0x00, 0x00, 0x8c, 0x00, 0x00, 0x00, 0xb0, 0x00, 0x00, 0x00,
	0x00, 0x00, 0x00, 0x00, 0x00, 0x00, 0x00, 0x00, 0x00, 0x00, 0x01, 0x04,
	0x02, 0x00, 0x02, 0x00, 0x04, 0x00, 0x00, 0x00, 0x00, 0xa1, 0xc0, 0x2e,
	0x00, 0x00, 0x00, 0x00, 0x50, 0x00, 0x00, 0x00, 0x20, 0x00, 0x00, 0x00,
	0x01, 0xf9, 0x00, 0x00, 0x01, 0x00, 0x00, 0x00, 0x40, 0x00, 0x00, 0x00,
	0x20, 0x00, 0x00, 0x00, 0x00, 0x00, 0x00, 0x00, 0x07, 0x00, 0x00, 0x00,
	0x00, 0x00, 0x00, 0x00, 0x00, 0x01, 0x44, 0xfa, 0x40, 0x00, 0x04, 0xa0,
	0x86, 0x47, 0xa4, 0x10, 0x80, 0x10, 0x04, 0xa0, 0x86, 0x43, 0xa4, 0x10,
	0x02, 0x80, 0x2d, 0xa0, 0x06, 0x34, 0xa4, 0x10, 0x00, 0x80, 0x03, 0x90,
	0xb5, 0x4a, 0x89, 0x48, 0x00, 0x00, 0x00, 0xf0, 0x06, 0x04, 0x30, 0xf9,
	0x00, 0x00, 0x00, 0x00, 0x40, 0x01, 0x04, 0xf8, 0x00, 0x00, 0x00, 0x00,
	0x00, 0x07, 0x44, 0xfa, 0x00, 0x00, 0x00, 0x00, 0x00, 0xe0, 0x00, 0x00,
	0x13, 0x00, 0x00, 0x00, 0x00, 0x00, 0x01, 0x00, 0x40, 0x00, 0x00, 0x00,
	0x02, 0x04, 0x02, 0x00, 0x01, 0x00, 0x00, 0x00, 0x00, 0x00, 0x00, 0x00,
	0x36, 0x00, 0x00, 0x00, 0x02, 0x04, 0x02, 0x00, 0x01, 0x00, 0x00, 0x00,
	0x01, 0x00, 0x00, 0x00, 0x02, 0x03, 0x02, 0x03, 0x00, 0x00, 0x00, 0x00,
	0x00, 0x00, 0x00, 0x00, 0x00, 0x00, 0x00, 0x00, 0x00, 0x00, 0x00, 0x00,
	0x00, 0x00, 0x00, 0x00, 0x00, 0x00, 0x00, 0x00, 0x00, 0x00, 0x00, 0x00,
	0x75, 0x54, 0x65, 0x78, 0x30, 0x00, 0x75, 0x54, 0x65, 0x78, 0x31, 0x00,
};

alignas(4) static const unsigned char gxs_generic_f_t2_e1_a1_f1[] = {
	0x47, 0x58, 0x50, 0x00, 0x01, 0x05, 0x50, 0x03, 0xce, 0x01, 0x00, 0x00,
	0xc1, 0x60, 0x01, 0x5f, 0x44, 0x8d, 0x94, 0x07, 0x09, 0x18, 0x18, 0x00,
	0x00, 0x00, 0x00, 0x10, 0x11, 0x00, 0x00, 0x00, 0x00, 0x00, 0x00, 0x00,
	0x03, 0x00, 0x00, 0x00, 0x40, 0x01, 0x00, 0x00, 0x70, 0x00, 0x00, 0x00,
	0x07, 0x00, 0x05, 0x00, 0x04, 0x00, 0x00, 0x00, 0x00, 0x00, 0x02, 0x00,
	0x0c, 0x00, 0x00, 0x00, 0xb0, 0x00, 0x00, 0x00, 0x01, 0x00, 0x00, 0x00,
	0x98, 0x00, 0x00, 0x00, 0x9c, 0x00, 0x00, 0x00, 0x00, 0x00, 0x00, 0x00,
	0x00, 0x00, 0x00, 0x00, 0x00, 0x00, 0x00, 0x00, 0x01, 0x00, 0x00, 0x00,
	0x00, 0x00, 0x00, 0x00, 0x04, 0x00, 0x00, 0x00, 0xf0, 0x00, 0x00, 0x00,
	0xc0, 0x3d, 0x03, 0x00, 0x01, 0x00, 0x00, 0x00, 0xdc, 0x00, 0x00, 0x00,
	0x00, 0x00, 0x00, 0x00, 0xec, 0x00, 0x00, 0x00, 0x00, 0x00, 0x00, 0x00,
	0xd4, 0x00, 0x00, 0x00, 0x00, 0x00, 0x00, 0x00, 0xcc, 0x00, 0x00, 0x00,
	0x02, 0x00, 0x00, 0x00, 0xc4, 0x00, 0x00, 0x00, 0x00, 0x01, 0x00, 0x00,
	0x00, 0x00, 0x00, 0x00, 0x00, 0x00, 0x00, 0x00, 0x00, 0x00, 0x01, 0x04,
	0x03, 0x00, 0x02, 0x00, 0x04, 0x00, 0x00, 0x00, 0x00, 0xa1, 0xc0, 0x2c,
	0x00, 0x00, 0x00, 0x00, 0x50, 0x00, 0x00, 0x00, 0x20, 0x00, 0x00, 0x00,
	0x01, 0xf9, 0x00, 0x00, 0x01, 0x00, 0x00, 0x00, 0x40, 0x00, 0x00, 0x00,
	0x20, 0x00, 0x00, 0x00, 0x0f, 0x20, 0x00, 0x2e, 0x00, 0x00, 0x00, 0x00,
	0x00, 0x00, 0x00, 0x00, 0x00, 0x00, 0x00, 0x00, 0x02, 0x80, 0x01, 0xa0,
	0x7e, 0x0d, 0x84, 0x40, 0x00, 0x00, 0x00, 0x00, 0x07, 0x00, 0x00, 0x00,
	0x00, 0x00, 0x00, 0x00, 0x00, 0x01, 0x44, 0xfa, 0x40, 0x00, 0x44, 0xa0,
	0x84, 0x47, 0xa4, 0x10, 0x40, 0x00, 0x04, 0x01, 0x1a, 0x04, 0x80, 0x38,
	0x80, 0x00, 0x00, 0x81, 0x1a, 0x04, 0x80, 0x38, 0x80, 0x40, 0x13, 0xa0,
	0x84, 0x0a, 0x80, 0x48, 0x04, 0x02, 0x00, 0xf0, 0x06, 0x04, 0x30, 0xf9,
	0x00, 0x00, 0x00, 0x00, 0x40, 0x01, 0x04, 0xf8, 0x00, 0x00, 0x00, 0x00,
	0x00, 0x07, 0x44, 0xfa, 0x42, 0x10, 0x44, 0x20, 0x86, 0x43, 0xa4, 0x10,
	0x01, 0x30, 0x00, 0xe0, 0x86, 0x92, 0x80, 0x04, 0x40, 0x30, 0x00, 0xa0,
	0xa6, 0x92, 0x80, 0x04, 0x00, 0x00, 0x00, 0x20, 0x62, 0x0b, 0x81, 0x40,
	0x00, 0x00, 0x00, 0x00, 0x00, 0xe0, 0x00, 0x00, 0x0e, 0x00, 0x00, 0x00,
	0x00, 0x00, 0x04, 0x00, 0x13, 0x00, 0x00, 0x00, 0x04, 0x00, 0x01, 0x00,
	0x50, 0x00, 0x00, 0x00, 0x01, 0xe4, 0x00, 0x00, 0x01, 0x00, 0x00, 0x00,
	0x00, 0x00, 0x00, 0x00, 0x4a, 0x00, 0x00, 0x00, 0x02, 0x04, 0x02, 0x00,
	0x01, 0x00, 0x00, 0x00, 0x00, 0x00, 0x00, 0x00, 0x40, 0x00, 0x00, 0x00,
	0x02, 0x04, 0x02, 0x00, 0x01, 0x00, 0x00, 0x00, 0x01, 0x00, 0x00, 0x00,
	0x02, 0x03, 0x02, 0x03, 0x00, 0x00, 0x00, 0x00, 0x00, 0x00, 0x00, 0x00,
	0x00, 0x00, 0x00, 0x00, 0x00, 0x00, 0x00, 0x00, 0x00, 0x00, 0x00, 0x00,
	0x00, 0x00, 0x00, 0x00, 0x00, 0x00, 0x00, 0x00, 0x75, 0x46, 0x6f, 0x67,
	0x43, 0x6f, 0x6c, 0x6f, 0x72, 0x00, 0x75, 0x54, 0x65, 0x78, 0x30, 0x00,
	0x75, 0x54, 0x65, 0x78, 0x31, 0x00, 0x00, 0x00,
};

alignas(4) static const unsigned char gxs_generic_f_t2_e1_a2_f0[] = {
	0x47, 0x58, 0x50, 0x00, 0x01, 0x05, 0x50, 0x03, 0x84, 0x01, 0x00, 0x00,
	0x15, 0x53, 0x33, 0x2f, 0x44, 0x8d, 0x94, 0x0e, 0x0d, 0x18, 0x18, 0x00,
	0x00, 0x00, 0x00, 0x00, 0x11, 0x00, 0x00, 0x00, 0x00, 0x00, 0x00, 0x00,
	0x02, 0x00, 0x00, 0x00, 0x10, 0x01, 0x00, 0x00, 0x70, 0x00, 0x00, 0x00,
	0x06, 0x00, 0x03, 0x00, 0x00, 0x00, 0x00, 0x00, 0x00, 0x00, 0x02, 0x00,
	0x08, 0x00, 0x00, 0x00, 0x98, 0x00, 0x00, 0x00, 0x00, 0x00, 0x00, 0x00,
	0x88, 0x00, 0x00, 0x00, 0x84, 0x00, 0x00, 0x00, 0x00, 0x00, 0x00, 0x00,
	0x00, 0x00, 0x00, 0x00, 0x00, 0x00, 0x00, 0x00, 0x03, 0x00, 0x00, 0x00,
	0x00, 0x00, 0x00, 0x00, 0x00, 0x00, 0x00, 0x00, 0xc8, 0x00, 0x00, 0x00,
	0xc0, 0x3d, 0x03, 0x00, 0x03, 0x00, 0x00, 0x00, 0xa4, 0x00, 0x00, 0x00,
	0x00, 0x00, 0x00, 0x00, 0xbc, 0x00, 0x00, 0x00, 0x00, 0x00, 0x00, 0x00,
	0xac, 0x00, 0x00, 0x00, 0x00, 0x00, 0x00, 0x00, 0xa4, 0x00, 0x00, 0x00,
	0x01, 0x00, 0x00, 0x00, 0x9c, 0x00, 0x00, 0x00, 0xc0, 0x00, 0x00, 0x00,
	0x00, 0x00, 0x00, 0x00, 0x00, 0x00, 0x00, 0x00, 0x00, 0x00, 0x01, 0x04,
	0x02, 0x00, 0x02, 0x00, 0x04, 0x00, 0x00, 0x00, 0x00, 0xa1, 0xc0, 0x2e,
	0x00, 0x00, 0x00, 0x00, 0x50, 0x00, 0x00, 0x00, 0x20, 0x00, 0x00, 0x00,
	0x01, 0xf9, 0x00, 0x00, 0x01, 0x00, 0x00, 0x00, 0x40, 0x00, 0x00, 0x00,
	0x20, 0x00, 0x00, 0x00, 0x00, 0x00, 0x00, 0x00, 0x07, 0x00, 0x00, 0x00,
	0x00, 0x00, 0x00, 0x00, 0x00, 0x01, 0x44, 0xfa, 0x40, 0x00, 0x04, 0xa0,
	0x86, 0x47, 0xa4, 0x10, 0x80, 0x10, 0x04, 0xa0, 0x86, 0x43, 0xa4, 0x10,
	0x02, 0x80, 0x2d, 0xa0, 0x06, 0x34, 0xa4, 0x10, 0x01, 0x80, 0x03, 0xb0,
	0xb5, 0x46, 0x88, 0x48, 0x00, 0x00, 0x00, 0xf0, 0x06, 0x04, 0x30, 0xf9,
	0x00, 0x00, 0x00, 0x00, 0x40, 0x01, 0x04, 0xf8, 0x00, 0x00, 0x00, 0x00,
	0x00, 0x07, 0x44, 0xfa, 0x01, 0x00, 0x00, 0x00, 0xff, 0xff, 0xff, 0xff,
	0x02, 0x00, 0x00, 0x00, 0x00, 0x38, 0x00, 0x00, 0x00, 0x00, 0x00, 0x00,
	0x00, 0xe0, 0x00, 0x00, 0x13, 0x00, 0x00, 0x00, 0x00, 0x00, 0x03, 0x00,
	0x40, 0x00, 0x00, 0x00, 0x02, 0x04, 0x02, 0x00, 0x01, 0x00, 0x00, 0x00,
	0x00, 0x00, 0x00, 0x00, 0x36, 0x00, 0x00, 0x00, 0x02, 0x04, 0x02, 0x00,
	0x01, 0x00, 0x00, 0x00, 0x01, 0x00, 0x00, 0x00, 0x02, 0x03, 0x02, 0x03,
	0x00, 0x00, 0x00, 0x00, 0x00, 0x00, 0x00, 0x00, 0x00, 0x00, 0x00, 0x00,
	0x00, 0x00, 0x00, 0x00, 0x00, 0x00, 0x00, 0x00, 0x00, 0x00, 0x00, 0x00,
	0x00, 0x00, 0x00, 0x00, 0x75, 0x54, 0x65, 0x78, 0x30, 0x00, 0x75, 0x54,
	0x65, 0x78, 0x31, 0x00,
};

alignas(4) static const unsigned char gxs_generic_f_t2_e1_a2_f1[] = {
	0x47, 0x58, 0x50, 0x00, 0x01, 0x05, 0x50, 0x03, 0xd6, 0x01, 0x00, 0x00,
	0x5d, 0x49, 0x85, 0xe5, 0x44, 0x8e, 0x94, 0x39, 0x09, 0x18, 0x18, 0x00,
	0x00, 0x00, 0x00, 0x10, 0x11, 0x00, 0x00, 0x00, 0x00, 0x00, 0x00, 0x00,
	0x03, 0x00, 0x00, 0x00, 0x48, 0x01, 0x00, 0x00, 0x70, 0x00, 0x00, 0x00,
	0x07, 0x00, 0x07, 0x00, 0x01, 0x00, 0x00, 0x00, 0x00, 0x00, 0x02, 0x00,
	0x0b, 0x00, 0x00, 0x00, 0xb0, 0x00, 0x00, 0x00, 0x01, 0x00, 0x00, 0x00,
	0x98, 0x00, 0x00, 0x00, 0x9c, 0x00, 0x00, 0x00, 0x00, 0x00, 0x00, 0x00,
	0x00, 0x00, 0x00, 0x00, 0x00, 0x00, 0x00, 0x00, 0x03, 0x00, 0x00, 0x00,
	0x00, 0x00, 0x00, 0x00, 0x04, 0x00, 0x00, 0x00, 0xf8, 0x00, 0x00, 0x00,
	0xc0, 0x3d, 0x03, 0x00, 0x03, 0x00, 0x00, 0x00, 0xd4, 0x00, 0x00, 0x00,
	0x00, 0x00, 0x00, 0x00, 0xf4, 0x00, 0x00, 0x00, 0x00, 0x00, 0x00, 0x00,
	0xdc, 0x00, 0x00, 0x00, 0x00, 0x00, 0x00, 0x00, 0xd4, 0x00, 0x00, 0x00,
	0x02, 0x00, 0x00, 0x00, 0xcc, 0x00, 0x00, 0x00, 0x08, 0x01, 0x00, 0x00,
	0x00, 0x00, 0x00, 0x00, 0x00, 0x00, 0x00, 0x00, 0x00, 0x00, 0x01, 0x04,
	0x03, 0x00, 0x02, 0x00, 0x04, 0x00, 0x00, 0x00, 0x00, 0xa1, 0xc0, 0x2c,
	0x00, 0x00, 0x00, 0x00, 0x50, 0x00, 0x00, 0x00, 0x20, 0x00, 0x00, 0x00,
	0x01, 0xf9, 0x00, 0x00, 0x01, 0x00, 0x00, 0x00, 0x40, 0x00, 0x00, 0x00,
	0x20, 0x00, 0x00, 0x00, 0x0f, 0x20, 0x00, 0x2e, 0x00, 0x00, 0x00, 0x00,
	0x00, 0x00, 0x00, 0x00, 0x00, 0x00, 0x00, 0x00, 0x02, 0x80, 0x01, 0xa0,
	0x7e, 0x0d, 0x84, 0x40, 0x00, 0x00, 0x00, 0x00, 0x06, 0x00, 0x00, 0x00,
	0x00, 0x00, 0x00, 0x00, 0x00, 0x01, 0x44, 0xfa, 0x40, 0x00, 0x04, 0xa0,
	0x86, 0x47, 0xa4, 0x10, 0x02, 0x80, 0x2d, 0xa0, 0x84, 0x30, 0xa4, 0x10,
	0x03, 0x80, 0x03, 0x30, 0x85, 0x06, 0x88, 0x48, 0x04, 0x02, 0x00, 0xf0,
	0x06, 0x04, 0x30, 0xf9, 0x00, 0x00, 0x00, 0x00, 0x40, 0x01, 0x04, 0xf8,
	0x00, 0x00, 0x00, 0x00, 0x00, 0x07, 0x44, 0xfa, 0x02, 0x10, 0x44, 0xa0,
	0x86, 0x43, 0xa4, 0x10, 0x01, 0x30, 0x00, 0xe0, 0x86, 0x92, 0x80, 0x04,
	0x40, 0x30, 0x00, 0xa0, 0xa6, 0x92, 0x80, 0x04, 0x00, 0x00, 0x00, 0x20,
	0x62, 0x0b, 0x81, 0x40, 0x01, 0x00, 0x00, 0x00, 0xff, 0xff, 0xff, 0xff,
	0x02, 0x00, 0x00, 0x00, 0x00, 0x38, 0x00, 0x00, 0x00, 0x00, 0x00, 0x00,
	0x00, 0xe0, 0x00, 0x00, 0x0e, 0x00, 0x00, 0x00, 0x00, 0x00, 0x04, 0x00,
	0x13, 0x00, 0x00, 0x00, 0x04, 0x00, 0x03, 0x00, 0x50, 0x00, 0x00, 0x00,
	0x01, 0xe4, 0x00, 0x00, 0x01, 0x00, 0x00, 0x00, 0x00, 0x00, 0x00, 0x00,
	0x4a, 0x00, 0x00, 0x00, 0x02, 0x04, 0x02, 0x00, 0x01, 0x00, 0x00, 0x00,
	0x00, 0x00, 0x00, 0x00, 0x40, 0x00, 0x00, 0x00, 0x02, 0x04, 0x02, 0x00,
	0x01, 0x00, 0x00, 0x00, 0x01, 0x00, 0x00, 0x00, 0x02, 0x03, 0x02, 0x03,
	0x00, 0x00, 0x00, 0x00, 0x00, 0x00, 0x00, 0x00, 0x00, 0x00, 0x00, 0x00,
	0x00, 0x00, 0x00, 0x00, 0x00, 0x00, 0x00, 0x00, 0x00, 0x00, 0x00, 0x00,
	0x00, 0x00, 0x00, 0x00, 0x75, 0x46, 0x6f, 0x67, 0x43, 0x6f, 0x6c, 0x6f,
	0x72, 0x00, 0x75, 0x54, 0x65, 0x78, 0x30, 0x00, 0x75, 0x54, 0x65, 0x78,
	0x31, 0x00, 0x00, 0x00,
};

alignas(4) static const unsigned char gxs_generic_f_t2_e1_a3_f0[] = {
	0x47, 0x58, 0x50, 0x00, 0x01, 0x05, 0x50, 0x03, 0x84, 0x01, 0x00, 0x00,
	0x95, 0x55, 0x33, 0xd9, 0x44, 0x8e, 0x94, 0x40, 0x0d, 0x18, 0x18, 0x00,
	0x00, 0x00, 0x00, 0x00, 0x11, 0x00, 0x00, 0x00, 0x00, 0x00, 0x00, 0x00,
	0x02, 0x00, 0x00, 0x00, 0x10, 0x01, 0x00, 0x00, 0x70, 0x00, 0x00, 0x00,
	0x06, 0x00, 0x03, 0x00, 0x00, 0x00, 0x00, 0x00, 0x00, 0x00, 0x02, 0x00,
	0x08, 0x00, 0x00, 0x00, 0x98, 0x00, 0x00, 0x00, 0x00, 0x00, 0x00, 0x00,
	0x88, 0x00, 0x00, 0x00, 0x84, 0x00, 0x00, 0x00, 0x00, 0x00, 0x00, 0x00,
	0x00, 0x00, 0x00, 0x00, 0x00, 0x00, 0x00, 0x00, 0x03, 0x00, 0x00, 0x00,
	0x00, 0x00, 0x00, 0x00, 0x00, 0x00, 0x00, 0x00, 0xc8, 0x00, 0x00, 0x00,
	0xc0, 0x3d, 0x03, 0x00, 0x03, 0x00, 0x00, 0x00, 0xa4, 0x00, 0x00, 0x00,
	0x00, 0x00, 0x00, 0x00, 0xbc, 0x00, 0x00, 0x00, 0x00, 0x00, 0x00, 0x00,
	0xac, 0x00, 0x00, 0x00, 0x00, 0x00, 0x00, 0x00, 0xa4, 0x00, 0x00, 0x00,
	0x01, 0x00, 0x00, 0x00, 0x9c, 0x00, 0x00, 0x00, 0xc0, 0x00, 0x00, 0x00,
	0x00, 0x00, 0x00, 0x00, 0x00, 0x00, 0x00, 0x00, 0x00, 0x00, 0x01, 0x04,
	0x02, 0x00, 0x02, 0x00, 0x04, 0x00, 0x00, 0x00, 0x00, 0xa1, 0xc0, 0x2e,
	0x00, 0x00, 0x00, 0x00, 0x50, 0x00, 0x00, 0x00, 0x20, 0x00, 0x00, 0x00,
	0x01, 0xf9, 0x00, 0x00, 0x01, 0x00, 0x00, 0x00, 0x40, 0x00, 0x00, 0x00,
	0x20, 0x00, 0x00, 0x00, 0x00, 0x00, 0x00, 0x00, 0x07, 0x00, 0x00, 0x00,
	0x00, 0x00, 0x00, 0x00, 0x00, 0x01, 0x44, 0xfa, 0x40, 0x00, 0x04, 0xa0,
	0x86, 0x47, 0xa4, 0x10, 0x80, 0x10, 0x04, 0xa0, 0x86, 0x43, 0xa4, 0x10,
	0x02, 0x80, 0x2d, 0xa0, 0x06, 0x34, 0xa4, 0x10, 0x01, 0x80, 0x03, 0xb0,
	0x35, 0x49, 0x88, 0x48, 0x00, 0x00, 0x00, 0xf0, 0x06, 0x04, 0x30, 0xf9,
	0x00, 0x00, 0x00, 0x00, 0x40, 0x01, 0x04, 0xf8, 0x00, 0x00, 0x00, 0x00,
	0x00, 0x07, 0x44, 0xfa, 0x01, 0x00, 0x00, 0x00, 0xff, 0xff, 0xff, 0xff,
	0x02, 0x00, 0x00, 0x00, 0x00, 0x38, 0x00, 0x00, 0x00, 0x00, 0x00, 0x00,
	0x00, 0xe0, 0x00, 0x00, 0x13, 0x00, 0x00, 0x00, 0x00, 0x00, 0x03, 0x00,
	0x40, 0x00, 0x00, 0x00, 0x02, 0x04, 0x02, 0x00, 0x01, 0x00, 0x00, 0x00,
	0x00, 0x00, 0x00, 0x00, 0x36, 0x00, 0x00, 0x00, 0x02, 0x04, 0x02, 0x00,
	0x01, 0x00, 0x00, 0x00, 0x01, 0x00, 0x00, 0x00, 0x02, 0x03, 0x02, 0x03,
	0x00, 0x00, 0x00, 0x00, 0x00, 0x00, 0x00, 0x00, 0x00, 0x00, 0x00, 0x00,
	0x00, 0x00, 0x00, 0x00, 0x00, 0x00, 0x00, 0x00, 0x00, 0x00, 0x00, 0x00,
	0x00, 0x00, 0x00, 0x00, 0x75, 0x54, 0x65, 0x78, 0x30, 0x00, 0x75, 0x54,
	0x65, 0x78, 0x31, 0x00,
};

alignas(4) static const unsigned char gxs_generic_f_t2_e1_a3_f1[] = {
	0x47, 0x58, 0x50, 0x00, 0x01, 0x05, 0x50, 0x03, 0xd6, 0x01, 0x00, 0x00,
	0xdd, 0x4b, 0x86, 0xe4, 0x44, 0x8f, 0x94, 0x6b, 0x09, 0x18, 0x18, 0x00,
	0x00, 0x00, 0x00, 0x10, 0x11, 0x00, 0x00, 0x00, 0x00, 0x00, 0x00, 0x00,
	0x03, 0x00, 0x00, 0x00, 0x48, 0x01, 0x00, 0x00, 0x70, 0x00, 0x00, 0x00,
	0x07, 0x00, 0x07, 0x00, 0x01, 0x00, 0x00, 0x00, 0x00, 0x00, 0x02, 0x00,
	0x0b, 0x00, 0x00, 0x00, 0xb0, 0x00, 0x00, 0x00, 0x01, 0x00, 0x00, 0x00,
	0x98, 0x00, 0x00, 0x00, 0x9c, 0x00, 0x00, 0x00, 0x00, 0x00, 0x00, 0x00,
	0x00, 0x00, 0x00, 0x00, 0x00, 0x00, 0x00, 0x00, 0x03, 0x00, 0x00, 0x00,
	0x00, 0x00, 0x00, 0x00, 0x04, 0x00, 0x00, 0x00, 0xf8, 0x00, 0x00, 0x00,
	0xc0, 0x3d, 0x03, 0x00, 0x03, 0x00, 0x00, 0x00, 0xd4, 0x00, 0x00, 0x00,
	0x00, 0x00, 0x00, 0x00, 0xf4, 0x00, 0x00, 0x00, 0x00, 0x00, 0x00, 0x00,
	0xdc, 0x00, 0x00, 0x00, 0x00, 0x00, 0x00, 0x00, 0xd4, 0x00, 0x00, 0x00,
	0x02, 0x00, 0x00, 0x00, 0xcc, 0x00, 0x00, 0x00, 0x08, 0x01, 0x00, 0x00,
	0x00, 0x00, 0x00, 0x00, 0x00, 0x00, 0x00, 0x00, 0x00, 0x00, 0x01, 0x04,
	0x03, 0x00, 0x02, 0x00, 0x04, 0x00, 0x00, 0x00, 0x00, 0xa1, 0xc0, 0x2c,
	0x00, 0x00, 0x00, 0x00, 0x50, 0x00, 0x00, 0x00, 0x20, 0x00, 0x00, 0x00,
	0x01, 0xf9, 0x00, 0x00, 0x01, 0x00, 0x00, 0x00, 0x40, 0x00, 0x00, 0x00,
	0x20, 0x00, 0x00, 0x00, 0x0f, 0x20, 0x00, 0x2e, 0x00, 0x00, 0x00, 0x00,
	0x00, 0x00, 0x00, 0x00, 0x00, 0x00, 0x00, 0x00, 0x02, 0x80, 0x01, 0xa0,
	0x7e, 0x0d, 0x84, 0x40, 0x00, 0x00, 0x00, 0x00, 0x06, 0x00, 0x00, 0x00,
	0x00, 0x00, 0x00, 0x00, 0x00, 0x01, 0x44, 0xfa, 0x40, 0x00, 0x04, 0xa0,
	0x86, 0x47, 0xa4, 0x10, 0x02, 0x80, 0x2d, 0xa0, 0x84, 0x30, 0xa4, 0x10,
	0x03, 0x80, 0x03, 0x30, 0x05, 0x09, 0x88, 0x48, 0x04, 0x02, 0x00, 0xf0,
	0x06, 0x04, 0x30, 0xf9, 0x00, 0x00, 0x00, 0x00, 0x40, 0x01, 0x04, 0xf8,
	0x00, 0x00, 0x00, 0x00, 0x00, 0x07, 0x44, 0xfa, 0x02, 0x10, 0x44, 0xa0,
	0x86, 0x43, 0xa4, 0x10, 0x01, 0x30, 0x00, 0xe0, 0x86, 0x92, 0x80, 0x04,
	0x40, 0x30, 0x00, 0xa0, 0xa6, 0x92, 0x80, 0x04, 0x00, 0x00, 0x00, 0x20,
	0x62, 0x0b, 0x81, 0x40, 0x01, 0x00, 0x00, 0x00, 0xff, 0xff, 0xff, 0xff,
	0x02, 0x00, 0x00, 0x00, 0x00, 0x38, 0x00, 0x00, 0x00, 0x00, 0x00, 0x00,
	0x00, 0xe0, 0x00, 0x00, 0x0e, 0x00, 0x00, 0x00, 0x00, 0x00, 0x04, 0x00,
	0x13, 0x00, 0x00, 0x00, 0x04, 0x00, 0x03, 0x00, 0x50, 0x00, 0x00, 0x00,
	0x01, 0xe4, 0x00, 0x00, 0x01, 0x00, 0x00, 0x00, 0x00, 0x00, 0x00, 0x00,
	0x4a, 0x00, 0x00, 0x00, 0x02, 0x04, 0x02, 0x00, 0x01, 0x00, 0x00, 0x00,
	0x00, 0x00, 0x00, 0x00, 0x40, 0x00, 0x00, 0x00, 0x02, 0x04, 0x02, 0x00,
	0x01, 0x00, 0x00, 0x00, 0x01, 0x00, 0x00, 0x00, 0x02, 0x03, 0x02, 0x03,
	0x00, 0x00, 0x00, 0x00, 0x00, 0x00, 0x00, 0x00, 0x00, 0x00, 0x00, 0x00,
	0x00, 0x00, 0x00, 0x00, 0x00, 0x00, 0x00, 0x00, 0x00, 0x00, 0x00, 0x00,
	0x00, 0x00, 0x00, 0x00, 0x75, 0x46, 0x6f, 0x67, 0x43, 0x6f, 0x6c, 0x6f,
	0x72, 0x00, 0x75, 0x54, 0x65, 0x78, 0x30, 0x00, 0x75, 0x54, 0x65, 0x78,
	0x31, 0x00, 0x00, 0x00,
};

alignas(4) static const unsigned char gxs_generic_f_t2_e1_a4_f0[] = {
	0x47, 0x58, 0x50, 0x00, 0x01, 0x05, 0x50, 0x03, 0x84, 0x01, 0x00, 0x00,
	0x95, 0x57, 0x34, 0x39, 0x44, 0x8f, 0x94, 0x72, 0x0d, 0x18, 0x18, 0x00,
	0x00, 0x00, 0x00, 0x00, 0x11, 0x00, 0x00, 0x00, 0x00, 0x00, 0x00, 0x00,
	0x02, 0x00, 0x00, 0x00, 0x10, 0x01, 0x00, 0x00, 0x70, 0x00, 0x00, 0x00,
	0x06, 0x00, 0x03, 0x00, 0x00, 0x00, 0x00, 0x00, 0x00, 0x00, 0x02, 0x00,
	0x08, 0x00, 0x00, 0x00, 0x98, 0x00, 0x00, 0x00, 0x00, 0x00, 0x00, 0x00,
	0x88, 0x00, 0x00, 0x00, 0x84, 0x00, 0x00, 0x00, 0x00, 0x00, 0x00, 0x00,
	0x00, 0x00, 0x00, 0x00, 0x00, 0x00, 0x00, 0x00, 0x03, 0x00, 0x00, 0x00,
	0x00, 0x00, 0x00, 0x00, 0x00, 0x00, 0x00, 0x00, 0xc8, 0x00, 0x00, 0x00,
	0xc0, 0x3d, 0x03, 0x00, 0x03, 0x00, 0x00, 0x00, 0xa4, 0x00, 0x00, 0x00,
	0x00, 0x00, 0x00, 0x00, 0xbc, 0x00, 0x00, 0x00, 0x00, 0x00, 0x00, 0x00,
	0xac, 0x00, 0x00, 0x00, 0x00, 0x00, 0x00, 0x00, 0xa4, 0x00, 0x00, 0x00,
	0x01, 0x00, 0x00, 0x00, 0x9c, 0x00, 0x00, 0x00, 0xc0, 0x00, 0x00, 0x00,
	0x00, 0x00, 0x00, 0x00, 0x00, 0x00, 0x00, 0x00, 0x00, 0x00, 0x01, 0x04,
	0x02, 0x00, 0x02, 0x00, 0x04, 0x00, 0x00, 0x00, 0x00, 0xa1, 0xc0, 0x2e,
	0x00, 0x00, 0x00, 0x00, 0x50, 0x00, 0x00, 0x00, 0x20, 0x00, 0x00, 0x00,
	0x01, 0xf9, 0x00, 0x00, 0x01, 0x00, 0x00, 0x00, 0x40, 0x00, 0x00, 0x00,
	0x20, 0x00, 0x00, 0x00, 0x00, 0x00, 0x00, 0x00, 0x07, 0x00, 0x00, 0x00,
	0x00, 0x00, 0x00, 0x00, 0x00, 0x01, 0x44, 0xfa, 0x40, 0x00, 0x04, 0xa0,
	0x86, 0x47, 0xa4, 0x10, 0x80, 0x10, 0x04, 0xa0, 0x86, 0x43, 0xa4, 0x10,
	0x02, 0x80, 0x2d, 0xa0, 0x06, 0x34, 0xa4, 0x10, 0x01, 0x80, 0x03, 0xb0,
	0x35, 0x49, 0x88, 0x48, 0x00, 0x00, 0x00, 0xf0, 0x06, 0x04, 0x30, 0xf9,
	0x00, 0x00, 0x00, 0x00, 0x40, 0x01, 0x04, 0xf8, 0x00, 0x00, 0x00, 0x00,
	0x00, 0x07, 0x44, 0xfa, 0x01, 0x00, 0x00, 0x00, 0xff, 0xff, 0xff, 0xff,
	0x02, 0x00, 0x00, 0x00, 0x00, 0x3a, 0x00, 0x00, 0x00, 0x00, 0x00, 0x00,
	0x00, 0xe0, 0x00, 0x00, 0x13, 0x00, 0x00, 0x00, 0x00, 0x00, 0x03, 0x00,
	0x40, 0x00, 0x00, 0x00, 0x02, 0x04, 0x02, 0x00, 0x01, 0x00, 0x00, 0x00,
	0x00, 0x00, 0x00, 0x00, 0x36, 0x00, 0x00, 0x00, 0x02, 0x04, 0x02, 0x00,
	0x01, 0x00, 0x00, 0x00, 0x01, 0x00, 0x00, 0x00, 0x02, 0x03, 0x02, 0x03,
	0x00, 0x00, 0x00, 0x00, 0x00, 0x00, 0x00, 0x00, 0x00, 0x00, 0x00, 0x00,
	0x00, 0x00, 0x00, 0x00, 0x00, 0x00, 0x00, 0x00, 0x00, 0x00, 0x00, 0x00,
	0x00, 0x00, 0x00, 0x00, 0x75, 0x54, 0x65, 0x78, 0x30, 0x00, 0x75, 0x54,
	0x65, 0x78, 0x31, 0x00,
};

alignas(4) static const unsigned char gxs_generic_f_t2_e1_a4_f1[] = {
	0x47, 0x58, 0x50, 0x00, 0x01, 0x05, 0x50, 0x03, 0xd6, 0x01, 0x00, 0x00,
	0xdd, 0x4d, 0x87, 0x68, 0x44, 0x90, 0x94, 0x9d, 0x09, 0x18, 0x18, 0x00,
	0x00, 0x00, 0x00, 0x10, 0x11, 0x00, 0x00, 0x00, 0x00, 0x00, 0x00, 0x00,
	0x03, 0x00, 0x00, 0x00, 0x48, 0x01, 0x00, 0x00, 0x70, 0x00, 0x00, 0x00,
	0x07, 0x00, 0x07, 0x00, 0x01, 0x00, 0x00, 0x00, 0x00, 0x00, 0x02, 0x00,
	0x0b, 0x00, 0x00, 0x00, 0xb0, 0x00, 0x00, 0x00, 0x01, 0x00, 0x00, 0x00,
	0x98, 0x00, 0x00, 0x00, 0x9c, 0x00, 0x00, 0x00, 0x00, 0x00, 0x00, 0x00,
	0x00, 0x00, 0x00, 0x00, 0x00, 0x00, 0x00, 0x00, 0x03, 0x00, 0x00, 0x00,
	0x00, 0x00, 0x00, 0x00, 0x04, 0x00, 0x00, 0x00, 0xf8, 0x00, 0x00, 0x00,
	0xc0, 0x3d, 0x03, 0x00, 0x03, 0x00, 0x00, 0x00, 0xd4, 0x00, 0x00, 0x00,
	0x00, 0x00, 0x00, 0x00, 0xf4, 0x00, 0x00, 0x00, 0x00, 0x00, 0x00, 0x00,
	0xdc, 0x00, 0x00, 0x00, 0x00, 0x00, 0x00, 0x00, 0xd4, 0x00, 0x00, 0x00,
	0x02, 0x00, 0x00, 0x00, 0xcc, 0x00, 0x00, 0x00, 0x08, 0x01, 0x00, 0x00,
	0x00, 0x00, 0x00, 0x00, 0x00, 0x00, 0x00, 0x00, 0x00, 0x00, 0x01, 0x04,
	0x03, 0x00, 0x02, 0x00, 0x04, 0x00, 0x00, 0x00, 0x00, 0xa1, 0xc0, 0x2c,
	0x00, 0x00, 0x00, 0x00, 0x50, 0x00, 0x00, 0x00, 0x20, 0x00, 0x00, 0x00,
	0x01, 0xf9, 0x00, 0x00, 0x01, 0x00, 0x00, 0x00, 0x40, 0x00, 0x00, 0x00,
	0x20, 0x00, 0x00, 0x00, 0x0f, 0x20, 0x00, 0x2e, 0x00, 0x00, 0x00, 0x00,
	0x00, 0x00, 0x00, 0x00, 0x00, 0x00, 0x00, 0x00, 0x02, 0x80, 0x01, 0xa0,
	0x7e, 0x0d, 0x84, 0x40, 0x00, 0x00, 0x00, 0x00, 0x06, 0x00, 0x00, 0x00,
	0x00, 0x00, 0x00, 0x00, 0x00, 0x01, 0x44, 0xfa, 0x40, 0x00, 0x04, 0xa0,
	0x86, 0x47, 0xa4, 0x10, 0x02, 0x80, 0x2d, 0xa0, 0x84, 0x30, 0xa4, 0x10,
	0x03, 0x80, 0x03, 0x30, 0x05, 0x09, 0x88, 0x48, 0x04, 0x02, 0x00, 0xf0,
	0x06, 0x04, 0x30, 0xf9, 0x00, 0x00, 0x00, 0x00, 0x40, 0x01, 0x04, 0xf8,
	0x00, 0x00, 0x00, 0x00, 0x00, 0x07, 0x44, 0xfa, 0x02, 0x10, 0x44, 0xa0,
	0x86, 0x43, 0xa4, 0x10, 0x01, 0x30, 0x00, 0xe0, 0x86, 0x92, 0x80, 0x04,
	0x40, 0x30, 0x00, 0xa0, 0xa6, 0x92, 0x80, 0x04, 0x00, 0x00, 0x00, 0x20,
	0x62, 0x0b, 0x81, 0x40, 0x01, 0x00, 0x00, 0x00, 0xff, 0xff, 0xff, 0xff,
	0x02, 0x00, 0x00, 0x00, 0x00, 0x3a, 0x00, 0x00, 0x00, 0x00, 0x00, 0x00,
	0x00, 0xe0, 0x00, 0x00, 0x0e, 0x00, 0x00, 0x00, 0x00, 0x00, 0x04, 0x00,
	0x13, 0x00, 0x00, 0x00, 0x04, 0x00, 0x03, 0x00, 0x50, 0x00, 0x00, 0x00,
	0x01, 0xe4, 0x00, 0x00, 0x01, 0x00, 0x00, 0x00, 0x00, 0x00, 0x00, 0x00,
	0x4a, 0x00, 0x00, 0x00, 0x02, 0x04, 0x02, 0x00, 0x01, 0x00, 0x00, 0x00,
	0x00, 0x00, 0x00, 0x00, 0x40, 0x00, 0x00, 0x00, 0x02, 0x04, 0x02, 0x00,
	0x01, 0x00, 0x00, 0x00, 0x01, 0x00, 0x00, 0x00, 0x02, 0x03, 0x02, 0x03,
	0x00, 0x00, 0x00, 0x00, 0x00, 0x00, 0x00, 0x00, 0x00, 0x00, 0x00, 0x00,
	0x00, 0x00, 0x00, 0x00, 0x00, 0x00, 0x00, 0x00, 0x00, 0x00, 0x00, 0x00,
	0x00, 0x00, 0x00, 0x00, 0x75, 0x46, 0x6f, 0x67, 0x43, 0x6f, 0x6c, 0x6f,
	0x72, 0x00, 0x75, 0x54, 0x65, 0x78, 0x30, 0x00, 0x75, 0x54, 0x65, 0x78,
	0x31, 0x00, 0x00, 0x00,
};

alignas(4) static const unsigned char gxs_generic_f_t2_e2_a0_f0[] = {
	0x47, 0x58, 0x50, 0x00, 0x01, 0x05, 0x50, 0x03, 0x02, 0x01, 0x00, 0x00,
	0x62, 0x7f, 0x9a, 0x85, 0x44, 0x8c, 0x93, 0xe4, 0x01, 0x08, 0x18, 0x00,
	0x00, 0x00, 0x00, 0x00, 0x10, 0x00, 0x00, 0x00, 0x00, 0x00, 0x00, 0x00,
	0x01, 0x00, 0x00, 0x00, 0xa4, 0x00, 0x00, 0x00, 0x70, 0x00, 0x00, 0x00,
	0x02, 0x00, 0x00, 0x00, 0x00, 0x00, 0x00, 0x00, 0x00, 0x00, 0x01, 0x00,
	0x01, 0x00, 0x00, 0x00, 0x84, 0x00, 0x00, 0x00, 0x00, 0x00, 0x00, 0x00,
	0x78, 0x00, 0x00, 0x00, 0x74, 0x00, 0x00, 0x00, 0x00, 0x00, 0x00, 0x00,
	0x00, 0x00, 0x00, 0x00, 0x00, 0x00, 0x00, 0x00, 0x00, 0x00, 0x00, 0x00,
	0x00, 0x00, 0x00, 0x00, 0x00, 0x00, 0x00, 0x00, 0x64, 0x00, 0x00, 0x00,
	0xc0, 0x3d, 0x03, 0x00, 0x00, 0x00, 0x00, 0x00, 0x58, 0x00, 0x00, 0x00,
	0x00, 0x00, 0x00, 0x00, 0x50, 0x00, 0x00, 0x00, 0x00, 0x00, 0x00, 0x00,
	0x48, 0x00, 0x00, 0x00, 0x00, 0x00, 0x00, 0x00, 0x40, 0x00, 0x00, 0x00,
	0x00, 0x00, 0x00, 0x00, 0x38, 0x00, 0x00, 0x00, 0x44, 0x00, 0x00, 0x00,
	0x00, 0x00, 0x00, 0x00, 0x00, 0x00, 0x00, 0x00, 0x00, 0x00, 0x01, 0x04,
	0x01, 0x00, 0x01, 0x00, 0x04, 0x00, 0x00, 0x00, 0x01, 0xf9, 0x00, 0x00,
	0x01, 0x00, 0x00, 0x00, 0x40, 0x00, 0x00, 0x00, 0x20, 0x00, 0x00, 0x00,
	0x00, 0x00, 0x00, 0x00, 0x00, 0x00, 0x00, 0x00, 0x00, 0x07, 0x44, 0xfa,
	0x30, 0x00, 0x00, 0x00, 0x02, 0x04, 0x02, 0x00, 0x01, 0x00, 0x00, 0x00,
	0x01, 0x00, 0x00, 0x00, 0x00, 0x00, 0x02, 0x03, 0x00, 0x00, 0x00, 0x00,
	0x00, 0x00, 0x00, 0x00, 0x00, 0x00, 0x00, 0x00, 0x00, 0x00, 0x00, 0x00,
	0x00, 0x00, 0x00, 0x00, 0x00, 0x00, 0x00, 0x00, 0x00, 0x00, 0x00, 0x00,
	0x75, 0x54, 0x65, 0x78, 0x31, 0x00, 0x00, 0x00,
};

alignas(4) static const unsigned char gxs_generic_f_t2_e2_a0_f1[] = {
	0x47, 0x58, 0x50, 0x00, 0x01, 0x05, 0x50, 0x03, 0x54, 0x01, 0x00, 0x00,
	0x1e, 0x66, 0xe3, 0xc4, 0x44, 0x8d, 0x94, 0x0f, 0x05, 0x18, 0x18, 0x00,
	0x00, 0x00, 0x00, 0x10, 0x10, 0x00, 0x00, 0x00, 0x00, 0x00, 0x00, 0x00,
	0x02, 0x00, 0x00, 0x00, 0xdc, 0x00, 0x00, 0x00, 0x70, 0x00, 0x00, 0x00,
	0x03, 0x00, 0x04, 0x00, 0x02, 0x00, 0x00, 0x00, 0x00, 0x00, 0x01, 0x00,
	0x04, 0x00, 0x00, 0x00, 0x9c, 0x00, 0x00, 0x00, 0x01, 0x00, 0x00, 0x00,
	0x88, 0x00, 0x00, 0x00, 0x8c, 0x00, 0x00, 0x00, 0x00, 0x00, 0x00, 0x00,
	0x00, 0x00, 0x00, 0x00, 0x00, 0x00, 0x00, 0x00, 0x00, 0x00, 0x00, 0x00,
	0x00, 0x00, 0x00, 0x00, 0x04, 0x00, 0x00, 0x00, 0x94, 0x00, 0x00, 0x00,
	0xc0, 0x3d, 0x03, 0x00, 0x00, 0x00, 0x00, 0x00, 0x88, 0x00, 0x00, 0x00,
	0x00, 0x00, 0x00, 0x00, 0x88, 0x00, 0x00, 0x00, 0x00, 0x00, 0x00, 0x00,
	0x78, 0x00, 0x00, 0x00, 0x00, 0x00, 0x00, 0x00, 0x70, 0x00, 0x00, 0x00,
	0x01, 0x00, 0x00, 0x00, 0x68, 0x00, 0x00, 0x00, 0x8c, 0x00, 0x00, 0x00,
	0x00, 0x00, 0x00, 0x00, 0x00, 0x00, 0x00, 0x00, 0x00, 0x00, 0x01, 0x04,
	0x02, 0x00, 0x01, 0x00, 0x04, 0x00, 0x00, 0x00, 0x01, 0xf9, 0x00, 0x00,
	0x01, 0x00, 0x00, 0x00, 0x40, 0x00, 0x00, 0x00, 0x20, 0x00, 0x00, 0x00,
	0x0f, 0x20, 0x00, 0x2e, 0x00, 0x00, 0x00, 0x00, 0x00, 0x00, 0x00, 0x00,
	0x00, 0x00, 0x00, 0x00, 0x02, 0x80, 0x01, 0xa0, 0x7e, 0x0d, 0x84, 0x40,
	0x00, 0x00, 0x00, 0x00, 0x00, 0x00, 0x00, 0x00, 0x00, 0x07, 0x44, 0xfa,
	0x00, 0x10, 0x00, 0xe0, 0x84, 0x92, 0x80, 0x04, 0x40, 0x00, 0x00, 0x80,
	0xa4, 0x82, 0xa0, 0x04, 0x00, 0x80, 0x36, 0x80, 0x8a, 0xf7, 0xa4, 0x10,
	0x0e, 0x00, 0x00, 0x00, 0x00, 0x00, 0x04, 0x00, 0x40, 0x00, 0x00, 0x00,
	0x01, 0xe4, 0x00, 0x00, 0x01, 0x00, 0x00, 0x00, 0x00, 0x00, 0x00, 0x00,
	0x3a, 0x00, 0x00, 0x00, 0x02, 0x04, 0x02, 0x00, 0x01, 0x00, 0x00, 0x00,
	0x01, 0x00, 0x00, 0x00, 0x00, 0x00, 0x02, 0x03, 0x00, 0x00, 0x00, 0x00,
	0x00, 0x00, 0x00, 0x00, 0x00, 0x00, 0x00, 0x00, 0x00, 0x00, 0x00, 0x00,
	0x00, 0x00, 0x00, 0x00, 0x00, 0x00, 0x00, 0x00, 0x00, 0x00, 0x00, 0x00,
	0x75, 0x46, 0x6f, 0x67, 0x43, 0x6f, 0x6c, 0x6f, 0x72, 0x00, 0x75, 0x54,
	0x65, 0x78, 0x31, 0x00,
};

alignas(4) static const unsigned char gxs_generic_f_t2_e2_a1_f0[] = {
	0x47, 0x58, 0x50, 0x00, 0x01, 0x05, 0x50, 0x03, 0x36, 0x01, 0x00, 0x00,
	0x3c, 0xe6, 0x10, 0xff, 0x44, 0x8d, 0x94, 0x16, 0x0d, 0x08, 0x18, 0x00,
	0x00, 0x00, 0x00, 0x00, 0x10, 0x00, 0x00, 0x00, 0x00, 0x00, 0x00, 0x00,
	0x01, 0x00, 0x00, 0x00, 0xd8, 0x00, 0x00, 0x00, 0x70, 0x00, 0x00, 0x00,
	0x02, 0x00, 0x01, 0x00, 0x00, 0x00, 0x00, 0x00, 0x00, 0x00, 0x02, 0x00,
	0x05, 0x00, 0x00, 0x00, 0x88, 0x00, 0x00, 0x00, 0x00, 0x00, 0x00, 0x00,
	0x78, 0x00, 0x00, 0x00, 0x74, 0x00, 0x00, 0x00, 0x00, 0x00, 0x00, 0x00,
	0x00, 0x00, 0x00, 0x00, 0x00, 0x00, 0x00, 0x00, 0x01, 0x00, 0x00, 0x00,
	0x00, 0x00, 0x00, 0x00, 0x00, 0x00, 0x00, 0x00, 0x90, 0x00, 0x00, 0x00,
	0xc0, 0x3d, 0x03, 0x00, 0x01, 0x00, 0x00, 0x00, 0x7c, 0x00, 0x00, 0x00,
	0x00, 0x00, 0x00, 0x00, 0x84, 0x00, 0x00, 0x00, 0x00, 0x00, 0x00, 0x00,
	0x74, 0x00, 0x00, 0x00, 0x00, 0x00, 0x00, 0x00, 0x6c, 0x00, 0x00, 0x00,
	0x01, 0x00, 0x00, 0x00, 0x64, 0x00, 0x00, 0x00, 0x78, 0x00, 0x00, 0x00,
	0x00, 0x00, 0x00, 0x00, 0x00, 0x00, 0x00, 0x00, 0x00, 0x00, 0x01, 0x04,
	0x01, 0x00, 0x01, 0x00, 0x04, 0x00, 0x00, 0x00, 0x01, 0xf9, 0x00, 0x00,
	0x01, 0x00, 0x00, 0x00, 0x40, 0x00, 0x00, 0x00, 0x20, 0x00, 0x00, 0x00,
	0x00, 0x00, 0x00, 0x00, 0x04, 0x00, 0x00, 0x00, 0x00, 0x00, 0x00, 0x00,
	0x00, 0x01, 0x44, 0xfa, 0x00, 0x80, 0x03, 0x90, 0xb5, 0x4a, 0x89, 0x48,
	0x00, 0x00, 0x00, 0xf0, 0x06, 0x04, 0x30, 0xf9, 0x00, 0x00, 0x00, 0x00,
	0x40, 0x01, 0x04, 0xf8, 0x00, 0x00, 0x00, 0x00, 0x00, 0x07, 0x44, 0xfa,
	0x00, 0x00, 0x00, 0x00, 0x00, 0xe0, 0x00, 0x00, 0x13, 0x00, 0x00, 0x00,
	0x00, 0x00, 0x01, 0x00, 0x30, 0x00, 0x00, 0x00, 0x02, 0x04, 0x02, 0x00,
	0x01, 0x00, 0x00, 0x00, 0x01, 0x00, 0x00, 0x00, 0x00, 0x00, 0x02, 0x03,
	0x00, 0x00, 0x00, 0x00, 0x00, 0x00, 0x00, 0x00, 0x00, 0x00, 0x00, 0x00,
	0x00, 0x00, 0x00, 0x00, 0x00, 0x00, 0x00, 0x00, 0x00, 0x00, 0x00, 0x00,
	0x00, 0x00, 0x00, 0x00, 0x75, 0x54, 0x65, 0x78, 0x31, 0x00, 0x00, 0x00,
};

alignas(4) static const unsigned char gxs_generic_f_t2_e2_a1_f1[] = {
	0x47, 0x58, 0x50, 0x00, 0x01, 0x05, 0x50, 0x03, 0x88, 0x01, 0x00, 0x00,
	0xfc, 0xce, 0xe4, 0xf6, 0x44, 0x8e, 0x94, 0x41, 0x0d, 0x18, 0x18, 0x00,
	0x00, 0x00, 0x00, 0x10, 0x10, 0x00, 0x00, 0x00, 0x00, 0x00, 0x00, 0x00,
	0x02, 0x00, 0x00, 0x00, 0x10, 0x01, 0x00, 0x00, 0x70, 0x00, 0x00, 0x00,
	0x03, 0x00, 0x05, 0x00, 0x02, 0x00, 0x00, 0x00, 0x00, 0x00, 0x02, 0x00,
	0x08, 0x00, 0x00, 0x00, 0xa0, 0x00, 0x00, 0x00, 0x01, 0x00, 0x00, 0x00,
	0x88, 0x00, 0x00, 0x00, 0x8c, 0x00, 0x00, 0x00, 0x00, 0x00, 0x00, 0x00,
	0x00, 0x00, 0x00, 0x00, 0x00, 0x00, 0x00, 0x00, 0x01, 0x00, 0x00, 0x00,
	0x00, 0x00, 0x00, 0x00, 0x04, 0x00, 0x00, 0x00, 0xc0, 0x00, 0x00, 0x00,
	0xc0, 0x3d, 0x03, 0x00, 0x01, 0x00, 0x00, 0x00, 0xac, 0x00, 0x00, 0x00,
	0x00, 0x00, 0x00, 0x00, 0xbc, 0x00, 0x00, 0x00, 0x00, 0x00, 0x00, 0x00,
	0xa4, 0x00, 0x00, 0x00, 0x00, 0x00, 0x00, 0x00, 0x9c, 0x00, 0x00, 0x00,
	0x02, 0x00, 0x00, 0x00, 0x94, 0x00, 0x00, 0x00, 0xc0, 0x00, 0x00, 0x00,
	0x00, 0x00, 0x00, 0x00, 0x00, 0x00, 0x00, 0x00, 0x00, 0x00, 0x01, 0x04,
	0x02, 0x00, 0x01, 0x00, 0x04, 0x00, 0x00, 0x00, 0x01, 0xf9, 0x00, 0x00,
	0x01, 0x00, 0x00, 0x00, 0x40, 0x00, 0x00, 0x00, 0x20, 0x00, 0x00, 0x00,
	0x0f, 0x20, 0x00, 0x2e, 0x00, 0x00, 0x00, 0x00, 0x00, 0x00, 0x00, 0x00,
	0x00, 0x00, 0x00, 0x00, 0x02, 0x80, 0x01, 0xa0, 0x7e, 0x0d, 0x84, 0x40,
	0x00, 0x00, 0x00, 0x00, 0x04, 0x00, 0x00, 0x00, 0x00, 0x00, 0x00, 0x00,
	0x00, 0x01, 0x44, 0xfa, 0x00, 0x80, 0x03, 0x90, 0xb5, 0x4a, 0x89, 0x48,
	0x04, 0x02, 0x00, 0xf0, 0x06, 0x04, 0x30, 0xf9, 0x00, 0x00, 0x00, 0x00,
	0x40, 0x01, 0x04, 0xf8, 0x00, 0x00, 0x00, 0x00, 0x00, 0x07, 0x44, 0xfa,
	0x00, 0x10, 0x00, 0xe0, 0x84, 0x92, 0x80, 0x04, 0x40, 0x00, 0x00, 0x80,
	0xa4, 0x82, 0xa0, 0x04, 0x00, 0x80, 0x36, 0x80, 0x8a, 0xf7, 0xa4, 0x10,
	0x00, 0x00, 0x00, 0x00, 0x00, 0xe0, 0x00, 0x00, 0x0e, 0x00, 0x00, 0x00,
	0x00, 0x00, 0x04, 0x00, 0x13, 0x00, 0x00, 0x00, 0x04, 0x00, 0x01, 0x00,
	0x40, 0x00, 0x00, 0x00, 0x01, 0xe4, 0x00, 0x00, 0x01, 0x00, 0x00, 0x00,
	0x00, 0x00, 0x00, 0x00, 0x3a, 0x00, 0x00, 0x00, 0x02, 0x04, 0x02, 0x00,
	0x01, 0x00, 0x00, 0x00, 0x01, 0x00, 0x00, 0x00, 0x00, 0x00, 0x02, 0x03,
	0x00, 0x00, 0x00, 0x00, 0x00, 0x00, 0x00, 0x00, 0x00, 0x00, 0x00, 0x00,
	0x00, 0x00, 0x00, 0x00, 0x00, 0x00, 0x00, 0x00, 0x00, 0x00, 0x00, 0x00,
	0x00, 0x00, 0x00, 0x00, 0x75, 0x46, 0x6f, 0x67, 0x43, 0x6f, 0x6c, 0x6f,
	0x72, 0x00, 0x75, 0x54, 0x65, 0x78, 0x31, 0x00,
};

alignas(4) static const unsigned char gxs_generic_f_t2_e2_a2_f0[] = {
	0x47, 0x58, 0x50, 0x00, 0x01, 0x05, 0x50, 0x03, 0x46, 0x01, 0x00, 0x00,
	0xc8, 0x3a, 0x54, 0x91, 0x44, 0x8e, 0x94, 0x48, 0x0d, 0x08, 0x18, 0x00,
	0x00, 0x00, 0x00, 0x00, 0x10, 0x00, 0x00, 0x00, 0x00, 0x00, 0x00, 0x00,
	0x01, 0x00, 0x00, 0x00, 0xe8, 0x00, 0x00, 0x00, 0x70, 0x00, 0x00, 0x00,
	0x02, 0x00, 0x03, 0x00, 0x00, 0x00, 0x00, 0x00, 0x00, 0x00, 0x02, 0x00,
	0x05, 0x00, 0x00, 0x00, 0x88, 0x00, 0x00, 0x00, 0x00, 0x00, 0x00, 0x00,
	0x78, 0x00, 0x00, 0x00, 0x74, 0x00, 0x00, 0x00, 0x00, 0x00, 0x00, 0x00,
	0x00, 0x00, 0x00, 0x00, 0x00, 0x00, 0x00, 0x00, 0x03, 0x00, 0x00, 0x00,
	0x00, 0x00, 0x00, 0x00, 0x00, 0x00, 0x00, 0x00, 0xa0, 0x00, 0x00, 0x00,
	0xc0, 0x3d, 0x03, 0x00, 0x03, 0x00, 0x00, 0x00, 0x7c, 0x00, 0x00, 0x00,
	0x00, 0x00, 0x00, 0x00, 0x94, 0x00, 0x00, 0x00, 0x00, 0x00, 0x00, 0x00,
	0x84, 0x00, 0x00, 0x00, 0x00, 0x00, 0x00, 0x00, 0x7c, 0x00, 0x00, 0x00,
	0x01, 0x00, 0x00, 0x00, 0x74, 0x00, 0x00, 0x00, 0x88, 0x00, 0x00, 0x00,
	0x00, 0x00, 0x00, 0x00, 0x00, 0x00, 0x00, 0x00, 0x00, 0x00, 0x01, 0x04,
	0x01, 0x00, 0x01, 0x00, 0x04, 0x00, 0x00, 0x00, 0x01, 0xf9, 0x00, 0x00,
	0x01, 0x00, 0x00, 0x00, 0x40, 0x00, 0x00, 0x00, 0x20, 0x00, 0x00, 0x00,
	0x00, 0x00, 0x00, 0x00, 0x04, 0x00, 0x00, 0x00, 0x00, 0x00, 0x00, 0x00,
	0x00, 0x01, 0x44, 0xfa, 0x01, 0x80, 0x03, 0xb0, 0xb5, 0x46, 0x88, 0x48,
	0x00, 0x00, 0x00, 0xf0, 0x06, 0x04, 0x30, 0xf9, 0x00, 0x00, 0x00, 0x00,
	0x40, 0x01, 0x04, 0xf8, 0x00, 0x00, 0x00, 0x00, 0x00, 0x07, 0x44, 0xfa,
	0x01, 0x00, 0x00, 0x00, 0xff, 0xff, 0xff, 0xff, 0x02, 0x00, 0x00, 0x00,
	0x00, 0x38, 0x00, 0x00, 0x00, 0x00, 0x00, 0x00, 0x00, 0xe0, 0x00, 0x00,
	0x13, 0x00, 0x00, 0x00, 0x00, 0x00, 0x03, 0x00, 0x30, 0x00, 0x00, 0x00,
	0x02, 0x04, 0x02, 0x00, 0x01, 0x00, 0x00, 0x00, 0x01, 0x00, 0x00, 0x00,
	0x00, 0x00, 0x02, 0x03, 0x00, 0x00, 0x00, 0x00, 0x00, 0x00, 0x00, 0x00,
	0x00, 0x00, 0x00, 0x00, 0x00, 0x00, 0x00, 0x00, 0x00, 0x00, 0x00, 0x00,
	0x00, 0x00, 0x00, 0x00, 0x00, 0x00, 0x00, 0x00, 0x75, 0x54, 0x65, 0x78,
	0x31, 0x00, 0x00, 0x00,
};

alignas(4) static const unsigned char gxs_generic_f_t2_e2_a2_f1[] = {
	0x47, 0x58, 0x50, 0x00, 0x01, 0x05, 0x50, 0x03, 0x98, 0x01, 0x00, 0x00,
	0x8a, 0x23, 0xca, 0xe9, 0x44, 0x8f, 0x94, 0x73, 0x0d, 0x18, 0x18, 0x00,
	0x00, 0x00, 0x00, 0x10, 0x10, 0x00, 0x00, 0x00, 0x00, 0x00, 0x00, 0x00,
	0x02, 0x00, 0x00, 0x00, 0x20, 0x01, 0x00, 0x00, 0x70, 0x00, 0x00, 0x00,
	0x03, 0x00, 0x07, 0x00, 0x02, 0x00, 0x00, 0x00, 0x00, 0x00, 0x02, 0x00,
	0x08, 0x00, 0x00, 0x00, 0xa0, 0x00, 0x00, 0x00, 0x01, 0x00, 0x00, 0x00,
	0x88, 0x00, 0x00, 0x00, 0x8c, 0x00, 0x00, 0x00, 0x00, 0x00, 0x00, 0x00,
	0x00, 0x00, 0x00, 0x00, 0x00, 0x00, 0x00, 0x00, 0x03, 0x00, 0x00, 0x00,
	0x00, 0x00, 0x00, 0x00, 0x04, 0x00, 0x00, 0x00, 0xd0, 0x00, 0x00, 0x00,
	0xc0, 0x3d, 0x03, 0x00, 0x03, 0x00, 0x00, 0x00, 0xac, 0x00, 0x00, 0x00,
	0x00, 0x00, 0x00, 0x00, 0xcc, 0x00, 0x00, 0x00, 0x00, 0x00, 0x00, 0x00,
	0xb4, 0x00, 0x00, 0x00, 0x00, 0x00, 0x00, 0x00, 0xac, 0x00, 0x00, 0x00,
	0x02, 0x00, 0x00, 0x00, 0xa4, 0x00, 0x00, 0x00, 0xd0, 0x00, 0x00, 0x00,
	0x00, 0x00, 0x00, 0x00, 0x00, 0x00, 0x00, 0x00, 0x00, 0x00, 0x01, 0x04,
	0x02, 0x00, 0x01, 0x00, 0x04, 0x00, 0x00, 0x00, 0x01, 0xf9, 0x00, 0x00,
	0x01, 0x00, 0x00, 0x00, 0x40, 0x00, 0x00, 0x00, 0x20, 0x00, 0x00, 0x00,
	0x0f, 0x20, 0x00, 0x2e, 0x00, 0x00, 0x00, 0x00, 0x00, 0x00, 0x00, 0x00,
	0x00, 0x00, 0x00, 0x00, 0x02, 0x80, 0x01, 0xa0, 0x7e, 0x0d, 0x84, 0x40,
	0x00, 0x00, 0x00, 0x00, 0x04, 0x00, 0x00, 0x00, 0x00, 0x00, 0x00, 0x00,
	0x00, 0x01, 0x44, 0xfa, 0x03, 0x80, 0x03, 0xb0, 0xb5, 0x46, 0x88, 0x48,
	0x04, 0x02, 0x00, 0xf0, 0x06, 0x04, 0x30, 0xf9, 0x00, 0x00, 0x00, 0x00,
	0x40, 0x01, 0x04, 0xf8, 0x00, 0x00, 0x00, 0x00, 0x00, 0x07, 0x44, 0xfa,
	0x00, 0x10, 0x00, 0xe0, 0x84, 0x92, 0x80, 0x04, 0x40, 0x00, 0x00, 0x80,
	0xa4, 0x82, 0xa0, 0x04, 0x00, 0x80, 0x36, 0x80, 0x8a, 0xf7, 0xa4, 0x10,
	0x01, 0x00, 0x00, 0x00, 0xff, 0xff, 0xff, 0xff, 0x02, 0x00, 0x00, 0x00,
	0x00, 0x38, 0x00, 0x00, 0x00, 0x00, 0x00, 0x00, 0x00, 0xe0, 0x00, 0x00,
	0x0e, 0x00, 0x00, 0x00, 0x00, 0x00, 0x04, 0x00, 0x13, 0x00, 0x00, 0x00,
	0x04, 0x00, 0x03, 0x00, 0x40, 0x00, 0x00, 0x00, 0x01, 0xe4, 0x00, 0x00,
	0x01, 0x00, 0x00, 0x00, 0x00, 0x00, 0x00, 0x00, 0x3a, 0x00, 0x00, 0x00,
	0x02, 0x04, 0x02, 0x00, 0x01, 0x00, 0x00, 0x00, 0x01, 0x00, 0x00, 0x00,
	0x00, 0x00, 0x02, 0x03, 0x00, 0x00, 0x00, 0x00, 0x00, 0x00, 0x00, 0x00,
	0x00, 0x00, 0x00, 0x00, 0x00, 0x00, 0x00, 0x00, 0x00, 0x00, 0x00, 0x00,
	0x00, 0x00, 0x00, 0x00, 0x00, 0x00, 0x00, 0x00, 0x75, 0x46, 0x6f, 0x67,
	0x43, 0x6f, 0x6c, 0x6f, 0x72, 0x00, 0x75, 0x54, 0x65, 0x78, 0x31, 0x00,
};

alignas(4) static const unsigned char gxs_generic_f_t2_e2_a3_f0[] = {
	0x47, 0x58, 0x50, 0x00, 0x01, 0x05, 0x50, 0x03, 0x46, 0x01, 0x00, 0x00,
	0x48, 0x3d, 0x55, 0x22, 0x44, 0x8f, 0x94, 0x7a, 0x0d, 0x08, 0x18, 0x00,
	0x00, 0x00, 0x00, 0x00, 0x10, 0x00, 0x00, 0x00, 0x00, 0x00, 0x00, 0x00,
	0x01, 0x00, 0x00, 0x00, 0xe8, 0x00, 0x00, 0x00, 0x70, 0x00, 0x00, 0x00,
	0x02, 0x00, 0x03, 0x00, 0x00, 0x00, 0x00, 0x00, 0x00, 0x00, 0x02, 0x00,
	0x05, 0x00, 0x00, 0x00, 0x88, 0x00, 0x00, 0x00, 0x00, 0x00, 0x00, 0x00,
	0x78, 0x00, 0x00, 0x00, 0x74, 0x00, 0x00, 0x00, 0x00, 0x00, 0x00, 0x00,
	0x00, 0x00, 0x00, 0x00, 0x00, 0x00, 0x00, 0x00, 0x03, 0x00, 0x00, 0x00,
	0x00, 0x00, 0x00, 0x00, 0x00, 0x00, 0x00, 0x00, 0xa0, 0x00, 0x00, 0x00,
	0xc0, 0x3d, 0x03, 0x00, 0x03, 0x00, 0x00, 0x00, 0x7c, 0x00, 0x00, 0x00,
	0x00, 0x00, 0x00, 0x00, 0x94, 0x00, 0x00, 0x00, 0x00, 0x00, 0x00, 0x00,
	0x84, 0x00, 0x00, 0x00, 0x00, 0x00, 0x00, 0x00, 0x7c, 0x00, 0x00, 0x00,
	0x01, 0x00, 0x00, 0x00, 0x74, 0x00, 0x00, 0x00, 0x88, 0x00, 0x00, 0x00,
	0x00, 0x00, 0x00, 0x00, 0x00, 0x00, 0x00, 0x00, 0x00, 0x00, 0x01, 0x04,
	0x01, 0x00, 0x01, 0x00, 0x04, 0x00, 0x00, 0x00, 0x01, 0xf9, 0x00, 0x00,
	0x01, 0x00, 0x00, 0x00, 0x40, 0x00, 0x00, 0x00, 0x20, 0x00, 0x00, 0x00,
	0x00, 0x00, 0x00, 0x00, 0x04, 0x00, 0x00, 0x00, 0x00, 0x00, 0x00, 0x00,
	0x00, 0x01, 0x44, 0xfa, 0x01, 0x80, 0x03, 0xb0, 0x35, 0x49, 0x88, 0x48,
	0x00, 0x00, 0x00, 0xf0, 0x06, 0x04, 0x30, 0xf9, 0x00, 0x00, 0x00, 0x00,
	0x40, 0x01, 0x04, 0xf8, 0x00, 0x00, 0x00, 0x00, 0x00, 0x07, 0x44, 0xfa,
	0x01, 0x00, 0x00, 0x00, 0xff, 0xff, 0xff, 0xff, 0x02, 0x00, 0x00, 0x00,
	0x00, 0x38, 0x00, 0x00, 0x00, 0x00, 0x00, 0x00, 0x00, 0xe0, 0x00, 0x00,
	0x13, 0x00, 0x00, 0x00, 0x00, 0x00, 0x03, 0x00, 0x30, 0x00, 0x00, 0x00,
	0x02, 0x04, 0x02, 0x00, 0x01, 0x00, 0x00, 0x00, 0x01, 0x00, 0x00, 0x00,
	0x00, 0x00, 0x02, 0x03, 0x00, 0x00, 0x00, 0x00, 0x00, 0x00, 0x00, 0x00,
	0x00, 0x00, 0x00, 0x00, 0x00, 0x00, 0x00, 0x00, 0x00, 0x00, 0x00, 0x00,
	0x00, 0x00, 0x00, 0x00, 0x00, 0x00, 0x00, 0x00, 0x75, 0x54, 0x65, 0x78,
	0x31, 0x00, 0x00, 0x00,
};

alignas(4) static const unsigned char gxs_generic_f_t2_e2_a3_f1[] = {
	0x47, 0x58, 0x50, 0x00, 0x01, 0x05, 0x50, 0x03, 0x98, 0x01, 0x00, 0x00,
	0x0a, 0x26, 0xcb, 0xc0, 0x44, 0x90, 0x94, 0xa5, 0x0d, 0x18, 0x18, 0x00,
	0x00, 0x00, 0x00, 0x10, 0x10, 0x00, 0x00, 0x00, 0x00, 0x00, 0x00, 0x00,
	0x02, 0x00, 0x00, 0x00, 0x20, 0x01, 0x00, 0x00, 0x70, 0x00, 0x00, 0x00,
	0x03, 0x00, 0x07, 0x00, 0x02, 0x00, 0x00, 0x00, 0x00, 0x00, 0x02, 0x00,
	0x08, 0x00, 0x00, 0x00, 0xa0, 0x00, 0x00, 0x00, 0x01, 0x00, 0x00, 0x00,
	0x88, 0x00, 0x00, 0x00, 0x8c, 0x00, 0x00, 0x00, 0x00, 0x00, 0x00, 0x00,
	0x00, 0x00, 0x00, 0x00, 0x00, 0x00, 0x00, 0x00, 0x03, 0x00, 0x00, 0x00,
	0x00, 0x00, 0x00, 0x00, 0x04, 0x00, 0x00, 0x00, 0xd0, 0x00, 0x00, 0x00,
	0xc0, 0x3d, 0x03, 0x00, 0x03, 0x00, 0x00, 0x00, 0xac, 0x00, 0x00, 0x00,
	0x00, 0x00, 0x00, 0x00, 0xcc, 0x00, 0x00, 0x00, 0x00, 0x00, 0x00, 0x00,
	0xb4, 0x00, 0x00, 0x00, 0x00, 0x00, 0x00, 0x00, 0xac, 0x00, 0x00, 0x00,
	0x02, 0x00, 0x00, 0x00, 0xa4, 0x00, 0x00, 0x00, 0xd0, 0x00, 0x00, 0x00,
	0x00, 0x00, 0x00, 0x00, 0x00, 0x00, 0x00, 0x00, 0x00, 0x00, 0x01, 0x04,
	0x02, 0x00, 0x01, 0x00, 0x04, 0x00, 0x00, 0x00, 0x01, 0xf9, 0x00, 0x00,
	0x01, 0x00, 0x00, 0x00, 0x40, 0x00, 0x00, 0x00, 0x20, 0x00, 0x00, 0x00,
	0x0f, 0x20, 0x00, 0x2e, 0x00, 0x00, 0x00, 0x00, 0x00, 0x00, 0x00, 0x00,
	0x00, 0x00, 0x00, 0x00, 0x02, 0x80, 0x01, 0xa0, 0x7e, 0x0d, 0x84, 0x40,
	0x00, 0x00, 0x00, 0x00, 0x04, 0x00, 0x00, 0x00, 0x00, 0x00, 0x00, 0x00,
	0x00, 0x01, 0x44, 0xfa, 0x03, 0x80, 0x03, 0xb0, 0x35, 0x49, 0x88, 0x48,
	0x04, 0x02, 0x00, 0xf0, 0x06, 0x04, 0x30, 0xf9, 0x00, 0x00, 0x00, 0x00,
	0x40, 0x01, 0x04, 0xf8, 0x00, 0x00, 0x00, 0x00, 0x00, 0x07, 0x44, 0xfa,
	0x00, 0x10, 0x00, 0xe0, 0x84, 0x92, 0x80, 0x04, 0x40, 0x00, 0x00, 0x80,
	0xa4, 0x82, 0xa0, 0x04, 0x00, 0x80, 0x36, 0x80, 0x8a, 0xf7, 0xa4, 0x10,
	0x01, 0x00, 0x00, 0x00, 0xff, 0xff, 0xff, 0xff, 0x02, 0x00, 0x00, 0x00,
	0x00, 0x38, 0x00, 0x00, 0x00, 0x00, 0x00, 0x00, 0x00, 0xe0, 0x00, 0x00,
	0x0e, 0x00, 0x00, 0x00, 0x00, 0x00, 0x04, 0x00, 0x13, 0x00, 0x00, 0x00,
	0x04, 0x00, 0x03, 0x00, 0x40, 0x00, 0x00, 0x00, 0x01, 0xe4, 0x00, 0x00,
	0x01, 0x00, 0x00, 0x00, 0x00, 0x00, 0x00, 0x00, 0x3a, 0x00, 0x00, 0x00,
	0x02, 0x04, 0x02, 0x00, 0x01, 0x00, 0x00, 0x00, 0x01, 0x00, 0x00, 0x00,
	0x00, 0x00, 0x02, 0x03, 0x00, 0x00, 0x00, 0x00, 0x00, 0x00, 0x00, 0x00,
	0x00, 0x00, 0x00, 0x00, 0x00, 0x00, 0x00, 0x00, 0x00, 0x00, 0x00, 0x00,
	0x00, 0x00, 0x00, 0x00, 0x00, 0x00, 0x00, 0x00, 0x75, 0x46, 0x6f, 0x67,
	0x43, 0x6f, 0x6c, 0x6f, 0x72, 0x00, 0x75, 0x54, 0x65, 0x78, 0x31, 0x00,
};

alignas(4) static const unsigned char gxs_generic_f_t2_e2_a4_f0[] = {
	0x47, 0x58, 0x50, 0x00, 0x01, 0x05, 0x50, 0x03, 0x46, 0x01, 0x00, 0x00,
	0x48, 0x3f, 0x55, 0x6e, 0x44, 0x90, 0x94, 0xac, 0x0d, 0x08, 0x18, 0x00,
	0x00, 0x00, 0x00, 0x00, 0x10, 0x00, 0x00, 0x00, 0x00, 0x00, 0x00, 0x00,
	0x01, 0x00, 0x00, 0x00, 0xe8, 0x00, 0x00, 0x00, 0x70, 0x00, 0x00, 0x00,
	0x02, 0x00, 0x03, 0x00, 0x00, 0x00, 0x00, 0x00, 0x00, 0x00, 0x02, 0x00,
	0x05, 0x00, 0x00, 0x00, 0x88, 0x00, 0x00, 0x00, 0x00, 0x00, 0x00, 0x00,
	0x78, 0x00, 0x00, 0x00, 0x74, 0x00, 0x00, 0x00, 0x00, 0x00, 0x00, 0x00,
	0x00, 0x00, 0x00, 0x00, 0x00, 0x00, 0x00, 0x00, 0x03, 0x00, 0x00, 0x00,
	0x00, 0x00, 0x00, 0x00, 0x00, 0x00, 0x00, 0x00, 0xa0, 0x00, 0x00, 0x00,
	0xc0, 0x3d, 0x03, 0x00, 0x03, 0x00, 0x00, 0x00, 0x7c, 0x00, 0x00, 0x00,
	0x00, 0x00, 0x00, 0x00, 0x94, 0x00, 0x00, 0x00, 0x00, 0x00, 0x00, 0x00,
	0x84, 0x00, 0x00, 0x00, 0x00, 0x00, 0x00, 0x00, 0x7c, 0x00, 0x00, 0x00,
	0x01, 0x00, 0x00, 0x00, 0x74, 0x00, 0x00, 0x00, 0x88, 0x00, 0x00, 0x00,
	0x00, 0x00, 0x00, 0x00, 0x00, 0x00, 0x00, 0x00, 0x00, 0x00, 0x01, 0x04,
	0x01, 0x00, 0x01, 0x00, 0x04, 0x00, 0x00, 0x00, 0x01, 0xf9, 0x00, 0x00,
	0x01, 0x00, 0x00, 0x00, 0x40, 0x00, 0x00, 0x00, 0x20, 0x00, 0x00, 0x00,
	0x00, 0x00, 0x00, 0x00, 0x04, 0x00, 0x00, 0x00, 0x00, 0x00, 0x00, 0x00,
	0x00, 0x01, 0x44, 0xfa, 0x01, 0x80, 0x03, 0xb0, 0x35, 0x49, 0x88, 0x48,
	0x00, 0x00, 0x00, 0xf0, 0x06, 0x04, 0x30, 0xf9, 0x00, 0x00, 0x00, 0x00,
	0x40, 0x01, 0x04, 0xf8, 0x00, 0x00, 0x00, 0x00, 0x00, 0x07, 0x44, 0xfa,
	0x01, 0x00, 0x00, 0x00, 0xff, 0xff, 0xff, 0xff, 0x02, 0x00, 0x00, 0x00,
	0x00, 0x3a, 0x00, 0x00, 0x00, 0x00, 0x00, 0x00, 0x00, 0xe0, 0x00, 0x00,
	0x13, 0x00, 0x00, 0x00, 0x00, 0x00, 0x03, 0x00, 0x30, 0x00, 0x00, 0x00,
	0x02, 0x04, 0x02, 0x00, 0x01, 0x00, 0x00, 0x00, 0x01, 0x00, 0x00, 0x00,
	0x00, 0x00, 0x02, 0x03, 0x00, 0x00, 0x00, 0x00, 0x00, 0x00, 0x00, 0x00,
	0x00, 0x00, 0x00, 0x00, 0x00, 0x00, 0x00, 0x00, 0x00, 0x00, 0x00, 0x00,
	0x00, 0x00, 0x00, 0x00, 0x00, 0x00, 0x00, 0x00, 0x75, 0x54, 0x65, 0x78,
	0x31, 0x00, 0x00, 0x00,
};

alignas(4) static const unsigned char gxs_generic_f_t2_e2_a4_f1[] = {
	0x47, 0x58, 0x50, 0x00, 0x01, 0x05, 0x50, 0x03, 0x98, 0x01, 0x00, 0x00,
	0x0a, 0x28, 0xcc, 0x2c, 0x44, 0x91, 0x94, 0xd7, 0x0d, 0x18, 0x18, 0x00,
	0x00, 0x00, 0x00, 0x10, 0x10, 0x00, 0x00, 0x00, 0x00, 0x00, 0x00, 0x00,
	0x02, 0x00, 0x00, 0x00, 0x20, 0x01, 0x00, 0x00, 0x70, 0x00, 0x00, 0x00,
	0x03, 0x00, 0x07, 0x00, 0x02, 0x00, 0x00, 0x00, 0x00, 0x00, 0x02, 0x00,
	0x08, 0x00, 0x00, 0x00, 0xa0, 0x00, 0x00, 0x00, 0x01, 0x00, 0x00, 0x00,
	0x88, 0x00, 0x00, 0x00, 0x8c, 0x00, 0x00, 0x00, 0x00, 0x00, 0x00, 0x00,
	0x00, 0x00, 0x00, 0x00, 0x00, 0x00, 0x00, 0x00, 0x03, 0x00, 0x00, 0x00,
	0x00, 0x00, 0x00, 0x00, 0x04, 0x00, 0x00, 0x00, 0xd0, 0x00, 0x00, 0x00,
	0xc0, 0x3d, 0x03, 0x00, 0x03, 0x00, 0x00, 0x00, 0xac, 0x00, 0x00, 0x00,
	0x00, 0x00, 0x00, 0x00, 0xcc, 0x00, 0x00, 0x00, 0x00, 0x00, 0x00, 0x00,
	0xb4, 0x00, 0x00, 0x00, 0x00, 0x00, 0x00, 0x00, 0xac, 0x00, 0x00, 0x00,
	0x02, 0x00, 0x00, 0x00, 0xa4, 0x00, 0x00, 0x00, 0xd0, 0x00, 0x00, 0x00,
	0x00, 0x00, 0x00, 0x00, 0x00, 0x00, 0x00, 0x00, 0x00, 0x00, 0x01, 0x04,
	0x02, 0x00, 0x01, 0x00, 0x04, 0x00, 0x00, 0x00, 0x01, 0xf9, 0x00, 0x00,
	0x01, 0x00, 0x00, 0x00, 0x40, 0x00, 0x00, 0x00, 0x20, 0x00, 0x00, 0x00,
	0x0f, 0x20, 0x00, 0x2e, 0x00, 0x00, 0x00, 0x00, 0x00, 0x00, 0x00, 0x00,
	0x00, 0x00, 0x00, 0x00, 0x02, 0x80, 0x01, 0xa0, 0x7e, 0x0d, 0x84, 0x40,
	0x00, 0x00, 0x00, 0x00, 0x04, 0x00, 0x00, 0x00, 0x00, 0x00, 0x00, 0x00,
	0x00, 0x01, 0x44, 0xfa, 0x03, 0x80, 0x03, 0xb0, 0x35, 0x49, 0x88, 0x48,
	0x04, 0x02, 0x00, 0xf0, 0x06, 0x04, 0x30, 0xf9, 0x00, 0x00, 0x00, 0x00,
	0x40, 0x01, 0x04, 0xf8, 0x00, 0x00, 0x00, 0x00, 0x00, 0x07, 0x44, 0xfa,
	0x00, 0x10, 0x00, 0xe0, 0x84, 0x92, 0x80, 0x04, 0x40, 0x00, 0x00, 0x80,
	0xa4, 0x82, 0xa0, 0x04, 0x00, 0x80, 0x36, 0x80, 0x8a, 0xf7, 0xa4, 0x10,
	0x01, 0x00, 0x00, 0x00, 0xff, 0xff, 0xff, 0xff, 0x02, 0x00, 0x00, 0x00,
	0x00, 0x3a, 0x00, 0x00, 0x00, 0x00, 0x00, 0x00, 0x00, 0xe0, 0x00, 0x00,
	0x0e, 0x00, 0x00, 0x00, 0x00, 0x00, 0x04, 0x00, 0x13, 0x00, 0x00, 0x00,
	0x04, 0x00, 0x03, 0x00, 0x40, 0x00, 0x00, 0x00, 0x01, 0xe4, 0x00, 0x00,
	0x01, 0x00, 0x00, 0x00, 0x00, 0x00, 0x00, 0x00, 0x3a, 0x00, 0x00, 0x00,
	0x02, 0x04, 0x02, 0x00, 0x01, 0x00, 0x00, 0x00, 0x01, 0x00, 0x00, 0x00,
	0x00, 0x00, 0x02, 0x03, 0x00, 0x00, 0x00, 0x00, 0x00, 0x00, 0x00, 0x00,
	0x00, 0x00, 0x00, 0x00, 0x00, 0x00, 0x00, 0x00, 0x00, 0x00, 0x00, 0x00,
	0x00, 0x00, 0x00, 0x00, 0x00, 0x00, 0x00, 0x00, 0x75, 0x46, 0x6f, 0x67,
	0x43, 0x6f, 0x6c, 0x6f, 0x72, 0x00, 0x75, 0x54, 0x65, 0x78, 0x31, 0x00,
};

alignas(4) static const unsigned char gxs_generic_v_u0_c0_f0[] = {
	0x47, 0x58, 0x50, 0x00, 0x01, 0x05, 0x50, 0x03, 0x56, 0x01, 0x00, 0x00,
	0x15, 0x3e, 0xd1, 0x48, 0x44, 0x7e, 0x12, 0x0d, 0x00, 0x00, 0x19, 0x00,
	0x00, 0x00, 0x00, 0x10, 0x00, 0x00, 0x00, 0x00, 0x00, 0x00, 0x00, 0x00,
	0x03, 0x00, 0x00, 0x00, 0xe8, 0x00, 0x00, 0x00, 0x70, 0x00, 0x00, 0x00,
	0x04, 0x00, 0x14, 0x00, 0x00, 0x00, 0x00, 0x00, 0x00, 0x00, 0x01, 0x00,
	0x09, 0x00, 0x00, 0x00, 0x80, 0x00, 0x00, 0x00, 0x00, 0x00, 0x00, 0x00,
	0x74, 0x00, 0x00, 0x00, 0x70, 0x00, 0x00, 0x00, 0x00, 0x00, 0x00, 0x00,
	0x00, 0x00, 0x00, 0x00, 0x00, 0x00, 0x00, 0x00, 0x00, 0x00, 0x00, 0x00,
	0x00, 0x00, 0x00, 0x00, 0x14, 0x00, 0x00, 0x00, 0xa0, 0x00, 0x00, 0x00,
	0xc0, 0x3d, 0x03, 0x00, 0x00, 0x00, 0x00, 0x00, 0x94, 0x00, 0x00, 0x00,
	0x00, 0x00, 0x00, 0x00, 0x94, 0x00, 0x00, 0x00, 0x00, 0x00, 0x00, 0x00,
	0x84, 0x00, 0x00, 0x00, 0x00, 0x00, 0x00, 0x00, 0x7c, 0x00, 0x00, 0x00,
	0x01, 0x00, 0x00, 0x00, 0x74, 0x00, 0x00, 0x00, 0x00, 0x00, 0x00, 0x00,
	0x07, 0x00, 0x00, 0x00, 0x00, 0x00, 0x00, 0x00, 0x00, 0x00, 0x00, 0x00,
	0x00, 0x00, 0x00, 0x00, 0x00, 0x18, 0x00, 0x08, 0x00, 0x00, 0x00, 0x00,
	0x00, 0x00, 0x00, 0x00, 0x00, 0x00, 0x00, 0x00, 0x00, 0x00, 0x00, 0x00,
	0x00, 0x00, 0x00, 0x00, 0x00, 0x07, 0x44, 0xfa, 0x00, 0x02, 0x08, 0xc3,
	0x21, 0x1d, 0x80, 0x38, 0x02, 0x80, 0x81, 0xaf, 0x9c, 0x0d, 0xc0, 0x40,
	0x0e, 0x86, 0xb9, 0xff, 0xbc, 0x0d, 0xc0, 0x40, 0x04, 0x11, 0x49, 0xcf,
	0x80, 0x8f, 0xb1, 0x18, 0x02, 0x11, 0x45, 0xcf, 0x80, 0x8f, 0xb1, 0x18,
	0x00, 0x11, 0x01, 0xc0, 0x81, 0x81, 0xb1, 0x18, 0x01, 0xd1, 0x42, 0xc0,
	0x81, 0x81, 0xb1, 0x18, 0x00, 0x00, 0x20, 0xa0, 0x00, 0x50, 0x27, 0xfb,
	0x0e, 0x00, 0x00, 0x00, 0x00, 0x00, 0x14, 0x00, 0x30, 0x00, 0x00, 0x00,
	0x00, 0x04, 0x0b, 0x00, 0x01, 0x00, 0x00, 0x00, 0x00, 0x00, 0x00, 0x00,
	0x2a, 0x00, 0x00, 0x00, 0x01, 0xe4, 0x00, 0x00, 0x04, 0x00, 0x00, 0x00,
	0x00, 0x00, 0x00, 0x00, 0x1f, 0x00, 0x00, 0x00, 0x01, 0xe4, 0x00, 0x00,
	0x01, 0x00, 0x00, 0x00, 0x10, 0x00, 0x00, 0x00, 0x61, 0x50, 0x6f, 0x73,
	0x69, 0x74, 0x69, 0x6f, 0x6e, 0x00, 0x75, 0x4d, 0x56, 0x50, 0x00, 0x75,
	0x43, 0x6f, 0x6c, 0x6f, 0x72, 0x00, 0x00, 0x00,
};

alignas(4) static const unsigned char gxs_generic_v_u0_c0_f1[] = {
	0x47, 0x58, 0x50, 0x00, 0x01, 0x05, 0x50, 0x03, 0xd9, 0x01, 0x00, 0x00,
	0xf3, 0x06, 0xeb, 0x66, 0x44, 0x7f, 0x12, 0x38, 0x00, 0x00, 0x19, 0x00,
	0x00, 0x00, 0x00, 0x10, 0x00, 0x00, 0x00, 0x00, 0x00, 0x00, 0x00, 0x00,
	0x04, 0x00, 0x00, 0x00, 0x50, 0x01, 0x00, 0x00, 0x70, 0x00, 0x00, 0x00,
	0x04, 0x00, 0x1a, 0x00, 0x00, 0x00, 0x00, 0x00, 0x00, 0x00, 0x01, 0x00,
	0x11, 0x00, 0x00, 0x00, 0x90, 0x00, 0x00, 0x00, 0x02, 0x00, 0x00, 0x00,
	0x74, 0x00, 0x00, 0x00, 0x80, 0x00, 0x00, 0x00, 0x00, 0x00, 0x00, 0x00,
	0x00, 0x00, 0x00, 0x00, 0x00, 0x00, 0x00, 0x00, 0x02, 0x00, 0x00, 0x00,
	0x00, 0x00, 0x00, 0x00, 0x18, 0x00, 0x00, 0x00, 0x00, 0x01, 0x00, 0x00,
	0xc0, 0x3d, 0x03, 0x00, 0x02, 0x00, 0x00, 0x00, 0xe4, 0x00, 0x00, 0x00,
	0x00, 0x00, 0x00, 0x00, 0xfc, 0x00, 0x00, 0x00, 0x00, 0x00, 0x00, 0x00,
	0xe4, 0x00, 0x00, 0x00, 0x00, 0x00, 0x00, 0x00, 0xdc, 0x00, 0x00, 0x00,
	0x02, 0x00, 0x00, 0x00, 0xd4, 0x00, 0x00, 0x00, 0x00, 0x00, 0x00, 0x00,
	0x07, 0x00, 0x00, 0x00, 0x00, 0x00, 0x00, 0x00, 0x00, 0x00, 0x00, 0x00,
	0x00, 0x00, 0x00, 0x00, 0x00, 0x18, 0x00, 0x0a, 0x40, 0x00, 0x00, 0x00,
	0x04, 0x00, 0x00, 0x00, 0x00, 0x00, 0x00, 0x00, 0x09, 0x02, 0x04, 0xa2,
	0xa6, 0x00, 0xa4, 0x08, 0x00, 0x00, 0x00, 0x00, 0x40, 0x01, 0x04, 0xf8,
	0x00, 0x00, 0x00, 0x00, 0x00, 0x00, 0x00, 0x00, 0x00, 0x07, 0x44, 0xfa,
	0x80, 0x02, 0x08, 0xc3, 0x21, 0x1d, 0x80, 0x38, 0x02, 0x80, 0x81, 0xaf,
	0x9c, 0x0d, 0xc0, 0x40, 0x0e, 0x86, 0xb9, 0xff, 0xbc, 0x0d, 0xc0, 0x40,
	0x04, 0x11, 0x49, 0xcf, 0x80, 0x8f, 0xb1, 0x18, 0x02, 0x11, 0x45, 0xcf,
	0x80, 0x8f, 0xb1, 0x18, 0x00, 0x11, 0x01, 0xc0, 0x81, 0x81, 0xb1, 0x18,
	0x01, 0xd1, 0x42, 0xc0, 0x81, 0x89, 0xb1, 0x18, 0x00, 0x09, 0x80, 0xef,
	0x08, 0x00, 0xc1, 0x50, 0x48, 0xc0, 0x13, 0x7f, 0x80, 0x08, 0x80, 0x00,
	0x0c, 0x5f, 0x04, 0x3f, 0x84, 0x18, 0xa4, 0x08, 0x00, 0x6f, 0x04, 0x1f,
	0x84, 0x08, 0xa5, 0x08, 0x3c, 0x80, 0x01, 0x0f, 0x80, 0x88, 0xe1, 0x18,
	0x0c, 0x80, 0x01, 0xcf, 0x80, 0x88, 0xe1, 0x18, 0x01, 0x3e, 0x80, 0x0f,
	0x00, 0x06, 0x80, 0x30, 0x4c, 0x00, 0x1d, 0xc1, 0x95, 0x80, 0xa1, 0x18,
	0x00, 0x00, 0x20, 0xa0, 0x00, 0x50, 0x27, 0xfb, 0x00, 0x00, 0x00, 0x00,
	0x29, 0x5c, 0xff, 0xc0, 0x01, 0x00, 0x00, 0x00, 0x00, 0x00, 0x80, 0x3f,
	0x0e, 0x00, 0x00, 0x00, 0x00, 0x00, 0x18, 0x00, 0x13, 0x00, 0x00, 0x00,
	0x18, 0x00, 0x02, 0x00, 0x40, 0x00, 0x00, 0x00, 0x00, 0x04, 0x0b, 0x00,
	0x01, 0x00, 0x00, 0x00, 0x00, 0x00, 0x00, 0x00, 0x3a, 0x00, 0x00, 0x00,
	0x01, 0xe4, 0x00, 0x00, 0x04, 0x00, 0x00, 0x00, 0x00, 0x00, 0x00, 0x00,
	0x2f, 0x00, 0x00, 0x00, 0x01, 0xe4, 0x00, 0x00, 0x01, 0x00, 0x00, 0x00,
	0x10, 0x00, 0x00, 0x00, 0x2a, 0x00, 0x00, 0x00, 0x01, 0xe4, 0x00, 0x00,
	0x01, 0x00, 0x00, 0x00, 0x14, 0x00, 0x00, 0x00, 0x61, 0x50, 0x6f, 0x73,
	0x69, 0x74, 0x69, 0x6f, 0x6e, 0x00, 0x75, 0x4d, 0x56, 0x50, 0x00, 0x75,
	0x46, 0x6f, 0x67, 0x50, 0x61, 0x72, 0x61, 0x6d, 0x73, 0x00, 0x75, 0x43,
	0x6f, 0x6c, 0x6f, 0x72, 0x00, 0x00, 0x00, 0x00,
};

alignas(4) static const unsigned char gxs_generic_v_u0_c0_f2[] = {
	0x47, 0x58, 0x50, 0x00, 0x01, 0x05, 0x50, 0x03, 0xb1, 0x01, 0x00, 0x00,
	0xdc, 0xba, 0xf1, 0xf5, 0x44, 0x80, 0x12, 0x63, 0x04, 0x00, 0x19, 0x00,
	0x00, 0x00, 0x00, 0x10, 0x00, 0x00, 0x00, 0x00, 0x00, 0x00, 0x00, 0x00,
	0x04, 0x00, 0x00, 0x00, 0x28, 0x01, 0x00, 0x00, 0x70, 0x00, 0x00, 0x00,
	0x04, 0x00, 0x19, 0x00, 0x00, 0x00, 0x00, 0x00, 0x00, 0x00, 0x01, 0x00,
	0x0d, 0x00, 0x00, 0x00, 0x90, 0x00, 0x00, 0x00, 0x02, 0x00, 0x00, 0x00,
	0x74, 0x00, 0x00, 0x00, 0x80, 0x00, 0x00, 0x00, 0x00, 0x00, 0x00, 0x00,
	0x00, 0x00, 0x00, 0x00, 0x00, 0x00, 0x00, 0x00, 0x01, 0x00, 0x00, 0x00,
	0x00, 0x00, 0x00, 0x00, 0x18, 0x00, 0x00, 0x00, 0xd8, 0x00, 0x00, 0x00,
	0xc0, 0x3d, 0x03, 0x00, 0x01, 0x00, 0x00, 0x00, 0xc4, 0x00, 0x00, 0x00,
	0x00, 0x00, 0x00, 0x00, 0xd4, 0x00, 0x00, 0x00, 0x00, 0x00, 0x00, 0x00,
	0xbc, 0x00, 0x00, 0x00, 0x00, 0x00, 0x00, 0x00, 0xb4, 0x00, 0x00, 0x00,
	0x02, 0x00, 0x00, 0x00, 0xac, 0x00, 0x00, 0x00, 0x00, 0x00, 0x00, 0x00,
	0x07, 0x00, 0x00, 0x00, 0x00, 0x00, 0x00, 0x00, 0x00, 0x00, 0x00, 0x00,
	0x00, 0x00, 0x00, 0x00, 0x00, 0x18, 0x00, 0x0a, 0x40, 0x00, 0x00, 0x00,
	0x04, 0x00, 0x00, 0x00, 0x00, 0x00, 0x00, 0x00, 0x09, 0x02, 0x04, 0xa2,
	0xa6, 0x00, 0xa4, 0x08, 0x00, 0x00, 0x00, 0x00, 0x40, 0x01, 0x04, 0xf8,
	0x00, 0x00, 0x00, 0x00, 0x00, 0x00, 0x00, 0x00, 0x00, 0x07, 0x44, 0xfa,
	0x80, 0x02, 0x08, 0xc3, 0x21, 0x1d, 0x80, 0x38, 0x02, 0x80, 0x81, 0xaf,
	0x9c, 0x0d, 0xc0, 0x40, 0x0e, 0x86, 0xb9, 0xff, 0xbc, 0x0d, 0xc0, 0x40,
	0x04, 0x11, 0x49, 0xcf, 0x80, 0x8f, 0xb1, 0x18, 0x02, 0x11, 0x45, 0xcf,
	0x80, 0x8f, 0xb1, 0x18, 0x00, 0x11, 0x01, 0xc0, 0x81, 0x81, 0xb1, 0x18,
	0x01, 0xd1, 0x42, 0xc0, 0x81, 0x89, 0xb1, 0x18, 0x00, 0x09, 0x80, 0xef,
	0x08, 0x00, 0xc1, 0x50, 0x48, 0xc0, 0x13, 0x7f, 0x80, 0x08, 0x80, 0x00,
	0x0c, 0x5f, 0x04, 0x3f, 0x84, 0x00, 0xa4, 0x08, 0x00, 0x6f, 0x04, 0x11,
	0x85, 0x00, 0xa5, 0x08, 0x00, 0x00, 0x20, 0xa0, 0x00, 0x50, 0x27, 0xfb,
	0x00, 0x00, 0x00, 0x00, 0x00, 0x00, 0x80, 0x3f, 0x0e, 0x00, 0x00, 0x00,
	0x00, 0x00, 0x18, 0x00, 0x13, 0x00, 0x00, 0x00, 0x18, 0x00, 0x01, 0x00,
	0x40, 0x00, 0x00, 0x00, 0x00, 0x04, 0x0b, 0x00, 0x01, 0x00, 0x00, 0x00,
	0x00, 0x00, 0x00, 0x00, 0x3a, 0x00, 0x00, 0x00, 0x01, 0xe4, 0x00, 0x00,
	0x04, 0x00, 0x00, 0x00, 0x00, 0x00, 0x00, 0x00, 0x2f, 0x00, 0x00, 0x00,
	0x01, 0xe4, 0x00, 0x00, 0x01, 0x00, 0x00, 0x00, 0x10, 0x00, 0x00, 0x00,
	0x2a, 0x00, 0x00, 0x00, 0x01, 0xe4, 0x00, 0x00, 0x01, 0x00, 0x00, 0x00,
	0x14, 0x00, 0x00, 0x00, 0x61, 0x50, 0x6f, 0x73, 0x69, 0x74, 0x69, 0x6f,
	0x6e, 0x00, 0x75, 0x4d, 0x56, 0x50, 0x00, 0x75, 0x46, 0x6f, 0x67, 0x50,
	0x61, 0x72, 0x61, 0x6d, 0x73, 0x00, 0x75, 0x43, 0x6f, 0x6c, 0x6f, 0x72,
	0x00, 0x00, 0x00, 0x00,
};

alignas(4) static const unsigned char gxs_generic_v_u0_c1_f0[] = {
	0x47, 0x58, 0x50, 0x00, 0x01, 0x05, 0x50, 0x03, 0x75, 0x01, 0x00, 0x00,
	0x70, 0x46, 0x06, 0x73, 0x44, 0x7f, 0x12, 0x3f, 0x04, 0x00, 0x19, 0x00,
	0x00, 0x00, 0x00, 0x10, 0x00, 0x00, 0x00, 0x00, 0x00, 0x00, 0x00, 0x00,
	0x04, 0x00, 0x00, 0x00, 0xf0, 0x00, 0x00, 0x00, 0x70, 0x00, 0x00, 0x00,
	0x08, 0x00, 0x14, 0x00, 0x00, 0x00, 0x00, 0x00, 0x00, 0x00, 0x01, 0x00,
	0x0a, 0x00, 0x00, 0x00, 0x80, 0x00, 0x00, 0x00, 0x00, 0x00, 0x00, 0x00,
	0x74, 0x00, 0x00, 0x00, 0x70, 0x00, 0x00, 0x00, 0x00, 0x00, 0x00, 0x00,
	0x00, 0x00, 0x00, 0x00, 0x00, 0x00, 0x00, 0x00, 0x00, 0x00, 0x00, 0x00,
	0x00, 0x00, 0x00, 0x00, 0x14, 0x00, 0x00, 0x00, 0xa8, 0x00, 0x00, 0x00,
	0xc0, 0x3d, 0x03, 0x00, 0x00, 0x00, 0x00, 0x00, 0x9c, 0x00, 0x00, 0x00,
	0x00, 0x00, 0x00, 0x00, 0x9c, 0x00, 0x00, 0x00, 0x00, 0x00, 0x00, 0x00,
	0x8c, 0x00, 0x00, 0x00, 0x00, 0x00, 0x00, 0x00, 0x84, 0x00, 0x00, 0x00,
	0x01, 0x00, 0x00, 0x00, 0x7c, 0x00, 0x00, 0x00, 0x00, 0x00, 0x00, 0x00,
	0xf7, 0x00, 0x00, 0x00, 0x00, 0x00, 0x00, 0x00, 0x00, 0x00, 0x00, 0x00,
	0x00, 0x00, 0x00, 0x00, 0x00, 0x18, 0x00, 0x08, 0x00, 0x00, 0x00, 0x00,
	0x00, 0x00, 0x00, 0x00, 0x00, 0x00, 0x00, 0x00, 0x00, 0x00, 0x00, 0x00,
	0x00, 0x00, 0x00, 0x00, 0x00, 0x07, 0x44, 0xfa, 0x88, 0x00, 0x84, 0xb0,
	0x85, 0x49, 0xa4, 0x08, 0x02, 0x80, 0x81, 0xaf, 0x9c, 0x0d, 0xc0, 0x40,
	0x0e, 0x86, 0xb9, 0xff, 0xbc, 0x0d, 0xc0, 0x40, 0x04, 0x11, 0x49, 0xcf,
	0x80, 0x8f, 0xb1, 0x18, 0x02, 0x11, 0x45, 0xcf, 0x80, 0x8f, 0xb1, 0x18,
	0x00, 0x11, 0x01, 0xc0, 0x81, 0x81, 0xb1, 0x18, 0x01, 0xd1, 0x42, 0xc0,
	0x81, 0x81, 0xb1, 0x18, 0xc9, 0x00, 0xc4, 0xb0, 0x89, 0x41, 0xc0, 0x08,
	0x00, 0x00, 0x20, 0xa0, 0x00, 0x50, 0x27, 0xfb, 0x0e, 0x00, 0x00, 0x00,
	0x00, 0x00, 0x14, 0x00, 0x40, 0x00, 0x00, 0x00, 0x00, 0x04, 0x0b, 0x00,
	0x01, 0x00, 0x00, 0x00, 0x00, 0x00, 0x00, 0x00, 0x3a, 0x00, 0x00, 0x00,
	0x00, 0x04, 0x06, 0x00, 0x01, 0x00, 0x00, 0x00, 0x04, 0x00, 0x00, 0x00,
	0x31, 0x00, 0x00, 0x00, 0x01, 0xe4, 0x00, 0x00, 0x04, 0x00, 0x00, 0x00,
	0x00, 0x00, 0x00, 0x00, 0x26, 0x00, 0x00, 0x00, 0x01, 0xe4, 0x00, 0x00,
	0x01, 0x00, 0x00, 0x00, 0x10, 0x00, 0x00, 0x00, 0x61, 0x50, 0x6f, 0x73,
	0x69, 0x74, 0x69, 0x6f, 0x6e, 0x00, 0x61, 0x43, 0x6f, 0x6c, 0x6f, 0x72,
	0x00, 0x75, 0x4d, 0x56, 0x50, 0x00, 0x75, 0x43, 0x6f, 0x6c, 0x6f, 0x72,
	0x00, 0x00, 0x00, 0x00,
};

alignas(4) static const unsigned char gxs_generic_v_u0_c1_f1[] = {
	0x47, 0x58, 0x50, 0x00, 0x01, 0x05, 0x50, 0x03, 0xf8, 0x01, 0x00, 0x00,
	0xb6, 0x41, 0x20, 0xeb, 0x44, 0x80, 0x12, 0x6a, 0x04, 0x00, 0x19, 0x00,
	0x00, 0x00, 0x00, 0x10, 0x00, 0x00, 0x00, 0x00, 0x00, 0x00, 0x00, 0x00,
	0x05, 0x00, 0x00, 0x00, 0x58, 0x01, 0x00, 0x00, 0x70, 0x00, 0x00, 0x00,
	0x08, 0x00, 0x1a, 0x00, 0x00, 0x00, 0x00, 0x00, 0x00, 0x00, 0x01, 0x00,
	0x12, 0x00, 0x00, 0x00, 0x90, 0x00, 0x00, 0x00, 0x02, 0x00, 0x00, 0x00,
	0x74, 0x00, 0x00, 0x00, 0x80, 0x00, 0x00, 0x00, 0x00, 0x00, 0x00, 0x00,
	0x00, 0x00, 0x00, 0x00, 0x00, 0x00, 0x00, 0x00, 0x02, 0x00, 0x00, 0x00,
	0x00, 0x00, 0x00, 0x00, 0x18, 0x00, 0x00, 0x00, 0x08, 0x01, 0x00, 0x00,
	0xc0, 0x3d, 0x03, 0x00, 0x02, 0x00, 0x00, 0x00, 0xec, 0x00, 0x00, 0x00,
	0x00, 0x00, 0x00, 0x00, 0x04, 0x01, 0x00, 0x00, 0x00, 0x00, 0x00, 0x00,
	0xec, 0x00, 0x00, 0x00, 0x00, 0x00, 0x00, 0x00, 0xe4, 0x00, 0x00, 0x00,
	0x02, 0x00, 0x00, 0x00, 0xdc, 0x00, 0x00, 0x00, 0x00, 0x00, 0x00, 0x00,
	0xf7, 0x00, 0x00, 0x00, 0x00, 0x00, 0x00, 0x00, 0x00, 0x00, 0x00, 0x00,
	0x00, 0x00, 0x00, 0x00, 0x00, 0x18, 0x00, 0x0a, 0x40, 0x00, 0x00, 0x00,
	0x04, 0x00, 0x00, 0x00, 0x00, 0x00, 0x00, 0x00, 0x09, 0x02, 0x04, 0xa2,
	0xa6, 0x00, 0xa4, 0x08, 0x00, 0x00, 0x00, 0x00, 0x40, 0x01, 0x04, 0xf8,
	0x00, 0x00, 0x00, 0x00, 0x00, 0x00, 0x00, 0x00, 0x00, 0x07, 0x44, 0xfa,
	0x8a, 0x00, 0x84, 0xb0, 0x85, 0x49, 0xa4, 0x08, 0x02, 0x80, 0x81, 0xaf,
	0x9c, 0x0d, 0xc0, 0x40, 0x0e, 0x86, 0xb9, 0xff, 0xbc, 0x0d, 0xc0, 0x40,
	0x04, 0x11, 0x49, 0xcf, 0x80, 0x8f, 0xb1, 0x18, 0x02, 0x11, 0x45, 0xcf,
	0x80, 0x8f, 0xb1, 0x18, 0x00, 0x11, 0x01, 0xc0, 0x81, 0x81, 0xb1, 0x18,
	0x01, 0xd1, 0x42, 0xc0, 0x81, 0x89, 0xb1, 0x18, 0x00, 0x09, 0x80, 0xef,
	0x08, 0x00, 0xc1, 0x50, 0x48, 0xc0, 0x13, 0x7f, 0x80, 0x08, 0x80, 0x00,
	0x0c, 0x5f, 0x04, 0x3f, 0x84, 0x18, 0xa4, 0x08, 0x00, 0x6f, 0x04, 0x1f,
	0x84, 0x08, 0xa5, 0x08, 0x3c, 0x80, 0x01, 0x0f, 0x80, 0x88, 0xe1, 0x18,
	0x0c, 0x80, 0x01, 0xcf, 0x80, 0x88, 0xe1, 0x18, 0x01, 0x3e, 0x80, 0x0f,
	0x00, 0x06, 0x80, 0x30, 0x4c, 0x00, 0x1d, 0xc1, 0x95, 0x80, 0xa1, 0x18,
	0xcb, 0x00, 0xc4, 0xb0, 0x89, 0x41, 0xc0, 0x08, 0x00, 0x00, 0x20, 0xa0,
	0x00, 0x50, 0x27, 0xfb, 0x00, 0x00, 0x00, 0x00, 0x29, 0x5c, 0xff, 0xc0,
	0x01, 0x00, 0x00, 0x00, 0x00, 0x00, 0x80, 0x3f, 0x0e, 0x00, 0x00, 0x00,
	0x00, 0x00, 0x18, 0x00, 0x13, 0x00, 0x00, 0x00, 0x18, 0x00, 0x02, 0x00,
	0x50, 0x00, 0x00, 0x00, 0x00, 0x04, 0x0b, 0x00, 0x01, 0x00, 0x00, 0x00,
	0x00, 0x00, 0x00, 0x00, 0x4a, 0x00, 0x00, 0x00, 0x00, 0x04, 0x06, 0x00,
	0x01, 0x00, 0x00, 0x00, 0x04, 0x00, 0x00, 0x00, 0x41, 0x00, 0x00, 0x00,
	0x01, 0xe4, 0x00, 0x00, 0x04, 0x00, 0x00, 0x00, 0x00, 0x00, 0x00, 0x00,
	0x36, 0x00, 0x00, 0x00, 0x01, 0xe4, 0x00, 0x00, 0x01, 0x00, 0x00, 0x00,
	0x10, 0x00, 0x00, 0x00, 0x31, 0x00, 0x00, 0x00, 0x01, 0xe4, 0x00, 0x00,
	0x01, 0x00, 0x00, 0x00, 0x14, 0x00, 0x00, 0x00, 0x61, 0x50, 0x6f, 0x73,
	0x69, 0x74, 0x69, 0x6f, 0x6e, 0x00, 0x61, 0x43, 0x6f, 0x6c, 0x6f, 0x72,
	0x00, 0x75, 0x4d, 0x56, 0x50, 0x00, 0x75, 0x46, 0x6f, 0x67, 0x50, 0x61,
	0x72, 0x61, 0x6d, 0x73, 0x00, 0x75, 0x43, 0x6f, 0x6c, 0x6f, 0x72, 0x00,
};

alignas(4) static const unsigned char gxs_generic_v_u0_c1_f2[] = {
	0x47, 0x58, 0x50, 0x00, 0x01, 0x05, 0x50, 0x03, 0xd0, 0x01, 0x00, 0x00,
	0x9b, 0xf5, 0x55, 0x97, 0x44, 0x81, 0x12, 0x95, 0x04, 0x00, 0x19, 0x00,
	0x00, 0x00, 0x00, 0x10, 0x00, 0x00, 0x00, 0x00, 0x00, 0x00, 0x00, 0x00,
	0x05, 0x00, 0x00, 0x00, 0x30, 0x01, 0x00, 0x00, 0x70, 0x00, 0x00, 0x00,
	0x08, 0x00, 0x19, 0x00, 0x00, 0x00, 0x00, 0x00, 0x00, 0x00, 0x01, 0x00,
	0x0e, 0x00, 0x00, 0x00, 0x90, 0x00, 0x00, 0x00, 0x02, 0x00, 0x00, 0x00,
	0x74, 0x00, 0x00, 0x00, 0x80, 0x00, 0x00, 0x00, 0x00, 0x00, 0x00, 0x00,
	0x00, 0x00, 0x00, 0x00, 0x00, 0x00, 0x00, 0x00, 0x01, 0x00, 0x00, 0x00,
	0x00, 0x00, 0x00, 0x00, 0x18, 0x00, 0x00, 0x00, 0xe0, 0x00, 0x00, 0x00,
	0xc0, 0x3d, 0x03, 0x00, 0x01, 0x00, 0x00, 0x00, 0xcc, 0x00, 0x00, 0x00,
	0x00, 0x00, 0x00, 0x00, 0xdc, 0x00, 0x00, 0x00, 0x00, 0x00, 0x00, 0x00,
	0xc4, 0x00, 0x00, 0x00, 0x00, 0x00, 0x00, 0x00, 0xbc, 0x00, 0x00, 0x00,
	0x02, 0x00, 0x00, 0x00, 0xb4, 0x00, 0x00, 0x00, 0x00, 0x00, 0x00, 0x00,
	0xf7, 0x00, 0x00, 0x00, 0x00, 0x00, 0x00, 0x00, 0x00, 0x00, 0x00, 0x00,
	0x00, 0x00, 0x00, 0x00, 0x00, 0x18, 0x00, 0x0a, 0x40, 0x00, 0x00, 0x00,
	0x04, 0x00, 0x00, 0x00, 0x00, 0x00, 0x00, 0x00, 0x09, 0x02, 0x04, 0xa2,
	0xa6, 0x00, 0xa4, 0x08, 0x00, 0x00, 0x00, 0x00, 0x40, 0x01, 0x04, 0xf8,
	0x00, 0x00, 0x00, 0x00, 0x00, 0x00, 0x00, 0x00, 0x00, 0x07, 0x44, 0xfa,
	0x8a, 0x00, 0x84, 0xb0, 0x85, 0x49, 0xa4, 0x08, 0x02, 0x80, 0x81, 0xaf,
	0x9c, 0x0d, 0xc0, 0x40, 0x0e, 0x86, 0xb9, 0xff, 0xbc, 0x0d, 0xc0, 0x40,
	0x04, 0x11, 0x49, 0xcf, 0x80, 0x8f, 0xb1, 0x18, 0x02, 0x11, 0x45, 0xcf,
	0x80, 0x8f, 0xb1, 0x18, 0x00, 0x11, 0x01, 0xc0, 0x81, 0x81, 0xb1, 0x18,
	0x01, 0xd1, 0x42, 0xc0, 0x81, 0x89, 0xb1, 0x18, 0x00, 0x09, 0x80, 0xef,
	0x08, 0x00, 0xc1, 0x50, 0x48, 0xc0, 0x13, 0x7f, 0x80, 0x08, 0x80, 0x00,
	0x0c, 0x5f, 0x04, 0x3f, 0x84, 0x00, 0xa4, 0x08, 0x00, 0x6f, 0x04, 0x11,
	0x85, 0x00, 0xa5, 0x08, 0xcb, 0x00, 0xc4, 0xb0, 0x89, 0x41, 0xc0, 0x08,
	0x00, 0x00, 0x20, 0xa0, 0x00, 0x50, 0x27, 0xfb, 0x00, 0x00, 0x00, 0x00,
	0x00, 0x00, 0x80, 0x3f, 0x0e, 0x00, 0x00, 0x00, 0x00, 0x00, 0x18, 0x00,
	0x13, 0x00, 0x00, 0x00, 0x18, 0x00, 0x01, 0x00, 0x50, 0x00, 0x00, 0x00,
	0x00, 0x04, 0x0b, 0x00, 0x01, 0x00, 0x00, 0x00, 0x00, 0x00, 0x00, 0x00,
	0x4a, 0x00, 0x00, 0x00, 0x00, 0x04, 0x06, 0x00, 0x01, 0x00, 0x00, 0x00,
	0x04, 0x00, 0x00, 0x00, 0x41, 0x00, 0x00, 0x00, 0x01, 0xe4, 0x00, 0x00,
	0x04, 0x00, 0x00, 0x00, 0x00, 0x00, 0x00, 0x00, 0x36, 0x00, 0x00, 0x00,
	0x01, 0xe4, 0x00, 0x00, 0x01, 0x00, 0x00, 0x00, 0x10, 0x00, 0x00, 0x00,
	0x31, 0x00, 0x00, 0x00, 0x01, 0xe4, 0x00, 0x00, 0x01, 0x00, 0x00, 0x00,
	0x14, 0x00, 0x00, 0x00, 0x61, 0x50, 0x6f, 0x73, 0x69, 0x74, 0x69, 0x6f,
	0x6e, 0x00, 0x61, 0x43, 0x6f, 0x6c, 0x6f, 0x72, 0x00, 0x75, 0x4d, 0x56,
	0x50, 0x00, 0x75, 0x46, 0x6f, 0x67, 0x50, 0x61, 0x72, 0x61, 0x6d, 0x73,
	0x00, 0x75, 0x43, 0x6f, 0x6c, 0x6f, 0x72, 0x00,
};

alignas(4) static const unsigned char gxs_generic_v_u1_c0_f0[] = {
	0x47, 0x58, 0x50, 0x00, 0x01, 0x05, 0x50, 0x03, 0x79, 0x01, 0x00, 0x00,
	0x2d, 0xe1, 0x71, 0x04, 0x45, 0x7e, 0x4c, 0x0d, 0x00, 0x00, 0x19, 0x00,
	0x00, 0x00, 0x00, 0x10, 0x00, 0x00, 0x00, 0x00, 0x00, 0x00, 0x00, 0x00,
	0x04, 0x00, 0x00, 0x00, 0xf0, 0x00, 0x00, 0x00, 0x70, 0x00, 0x00, 0x00,
	0x08, 0x00, 0x14, 0x00, 0x00, 0x00, 0x00, 0x00, 0x00, 0x00, 0x01, 0x00,
	0x0a, 0x00, 0x00, 0x00, 0x80, 0x00, 0x00, 0x00, 0x00, 0x00, 0x00, 0x00,
	0x74, 0x00, 0x00, 0x00, 0x70, 0x00, 0x00, 0x00, 0x00, 0x00, 0x00, 0x00,
	0x00, 0x00, 0x00, 0x00, 0x00, 0x00, 0x00, 0x00, 0x00, 0x00, 0x00, 0x00,
	0x00, 0x00, 0x00, 0x00, 0x14, 0x00, 0x00, 0x00, 0xa8, 0x00, 0x00, 0x00,
	0xc0, 0x3d, 0x03, 0x00, 0x00, 0x00, 0x00, 0x00, 0x9c, 0x00, 0x00, 0x00,
	0x00, 0x00, 0x00, 0x00, 0x9c, 0x00, 0x00, 0x00, 0x00, 0x00, 0x00, 0x00,
	0x8c, 0x00, 0x00, 0x00, 0x00, 0x00, 0x00, 0x00, 0x84, 0x00, 0x00, 0x00,
	0x01, 0x00, 0x00, 0x00, 0x7c, 0x00, 0x00, 0x00, 0x00, 0x00, 0x00, 0x00,
	0x37, 0x00, 0x00, 0x00, 0x00, 0x00, 0x00, 0x00, 0x00, 0x00, 0x00, 0x00,
	0x00, 0x00, 0x00, 0x00, 0x00, 0x18, 0x00, 0x0a, 0x01, 0x00, 0x00, 0x00,
	0x00, 0x00, 0x00, 0x00, 0x00, 0x00, 0x00, 0x00, 0x00, 0x00, 0x00, 0x00,
	0x00, 0x00, 0x00, 0x00, 0x00, 0x07, 0x44, 0xfa, 0x00, 0x02, 0x08, 0xc3,
	0x21, 0x15, 0x80, 0x38, 0x80, 0x00, 0x10, 0x83, 0x21, 0x0d, 0x80, 0x38,
	0x02, 0x80, 0x81, 0xaf, 0x9c, 0x0d, 0xc0, 0x40, 0x0e, 0x86, 0xb9, 0xff,
	0xbc, 0x0d, 0xc0, 0x40, 0x04, 0x11, 0x49, 0xcf, 0x80, 0x8f, 0xb1, 0x18,
	0x02, 0x11, 0x45, 0xcf, 0x80, 0x8f, 0xb1, 0x18, 0x00, 0x11, 0x01, 0xc0,
	0x81, 0x81, 0xb1, 0x18, 0x01, 0xd1, 0x42, 0xc0, 0x81, 0x81, 0xb1, 0x18,
	0x00, 0x00, 0x20, 0xa0, 0x00, 0x50, 0x27, 0xfb, 0x0e, 0x00, 0x00, 0x00,
	0x00, 0x00, 0x14, 0x00, 0x40, 0x00, 0x00, 0x00, 0x00, 0x04, 0x0b, 0x00,
	0x01, 0x00, 0x00, 0x00, 0x00, 0x00, 0x00, 0x00, 0x3a, 0x00, 0x00, 0x00,
	0x00, 0x04, 0x0e, 0x00, 0x01, 0x00, 0x00, 0x00, 0x04, 0x00, 0x00, 0x00,
	0x35, 0x00, 0x00, 0x00, 0x01, 0xe4, 0x00, 0x00, 0x04, 0x00, 0x00, 0x00,
	0x00, 0x00, 0x00, 0x00, 0x2a, 0x00, 0x00, 0x00, 0x01, 0xe4, 0x00, 0x00,
	0x01, 0x00, 0x00, 0x00, 0x10, 0x00, 0x00, 0x00, 0x61, 0x50, 0x6f, 0x73,
	0x69, 0x74, 0x69, 0x6f, 0x6e, 0x00, 0x61, 0x54, 0x65, 0x78, 0x43, 0x6f,
	0x6f, 0x72, 0x64, 0x30, 0x00, 0x75, 0x4d, 0x56, 0x50, 0x00, 0x75, 0x43,
	0x6f, 0x6c, 0x6f, 0x72, 0x00, 0x00, 0x00, 0x00,
};

alignas(4) static const unsigned char gxs_generic_v_u1_c0_f1[] = {
	0x47, 0x58, 0x50, 0x00, 0x01, 0x05, 0x50, 0x03, 0xfc, 0x01, 0x00, 0x00,
	0x33, 0xdd, 0xd8, 0xd0, 0x45, 0x7f, 0x4c, 0x38, 0x00, 0x00, 0x19, 0x00,
	0x00, 0x00, 0x00, 0x10, 0x00, 0x00, 0x00, 0x00, 0x00, 0x00, 0x00, 0x00,
	0x05, 0x00, 0x00, 0x00, 0x58, 0x01, 0x00, 0x00, 0x70, 0x00, 0x00, 0x00,
	0x08, 0x00, 0x1a, 0x00, 0x00, 0x00, 0x00, 0x00, 0x00, 0x00, 0x01, 0x00,
	0x12, 0x00, 0x00, 0x00, 0x90, 0x00, 0x00, 0x00, 0x02, 0x00, 0x00, 0x00,
	0x74, 0x00, 0x00, 0x00, 0x80, 0x00, 0x00, 0x00, 0x00, 0x00, 0x00, 0x00,
	0x00, 0x00, 0x00, 0x00, 0x00, 0x00, 0x00, 0x00, 0x02, 0x00, 0x00, 0x00,
	0x00, 0x00, 0x00, 0x00, 0x18, 0x00, 0x00, 0x00, 0x08, 0x01, 0x00, 0x00,
	0xc0, 0x3d, 0x03, 0x00, 0x02, 0x00, 0x00, 0x00, 0xec, 0x00, 0x00, 0x00,
	0x00, 0x00, 0x00, 0x00, 0x04, 0x01, 0x00, 0x00, 0x00, 0x00, 0x00, 0x00,
	0xec, 0x00, 0x00, 0x00, 0x00, 0x00, 0x00, 0x00, 0xe4, 0x00, 0x00, 0x00,
	0x02, 0x00, 0x00, 0x00, 0xdc, 0x00, 0x00, 0x00, 0x00, 0x00, 0x00, 0x00,
	0x37, 0x00, 0x00, 0x00, 0x00, 0x00, 0x00, 0x00, 0x00, 0x00, 0x00, 0x00,
	0x00, 0x00, 0x00, 0x00, 0x00, 0x18, 0x00, 0x0c, 0x41, 0x00, 0x00, 0x00,
	0x04, 0x00, 0x00, 0x00, 0x00, 0x00, 0x00, 0x00, 0x09, 0x02, 0x04, 0xa2,
	0xa6, 0x00, 0xa4, 0x08, 0x00, 0x00, 0x00, 0x00, 0x40, 0x01, 0x04, 0xf8,
	0x00, 0x00, 0x00, 0x00, 0x00, 0x00, 0x00, 0x00, 0x00, 0x07, 0x44, 0xfa,
	0x80, 0x02, 0x08, 0xc3, 0x21, 0x15, 0x80, 0x38, 0x80, 0x00, 0x10, 0x83,
	0x21, 0x0d, 0x80, 0x38, 0x02, 0x80, 0x81, 0xaf, 0x9c, 0x0d, 0xc0, 0x40,
	0x0e, 0x86, 0xb9, 0xff, 0xbc, 0x0d, 0xc0, 0x40, 0x04, 0x11, 0x49, 0xcf,
	0x80, 0x8f, 0xb1, 0x18, 0x02, 0x11, 0x45, 0xcf, 0x80, 0x8f, 0xb1, 0x18,
	0x00, 0x11, 0x01, 0xc0, 0x81, 0x81, 0xb1, 0x18, 0x01, 0xd1, 0x42, 0xc0,
	0x81, 0x89, 0xb1, 0x18, 0x00, 0x09, 0x80, 0xef, 0x08, 0x00, 0xc1, 0x50,
	0x48, 0xc0, 0x13, 0x7f, 0x80, 0x08, 0x80, 0x00, 0x0c, 0x5f, 0x04, 0x3f,
	0x84, 0x18, 0xa4, 0x08, 0x00, 0x6f, 0x04, 0x1f, 0x84, 0x08, 0xa5, 0x08,
	0x3c, 0x80, 0x01, 0x0f, 0x80, 0x88, 0xe1, 0x18, 0x0c, 0x80, 0x01, 0xcf,
	0x80, 0x88, 0xe1, 0x18, 0x01, 0x3e, 0x80, 0x0f, 0x00, 0x06, 0x80, 0x30,
	0x4c, 0x00, 0x5d, 0xc1, 0x95, 0x80, 0xa1, 0x18, 0x00, 0x00, 0x20, 0xa0,
	0x00, 0x50, 0x27, 0xfb, 0x00, 0x00, 0x00, 0x00, 0x29, 0x5c, 0xff, 0xc0,
	0x01, 0x00, 0x00, 0x00, 0x00, 0x00, 0x80, 0x3f, 0x0e, 0x00, 0x00, 0x00,
	0x00, 0x00, 0x18, 0x00, 0x13, 0x00, 0x00, 0x00, 0x18, 0x00, 0x02, 0x00,
	0x50, 0x00, 0x00, 0x00, 0x00, 0x04, 0x0b, 0x00, 0x01, 0x00, 0x00, 0x00,
	0x00, 0x00, 0x00, 0x00, 0x4a, 0x00, 0x00, 0x00, 0x00, 0x04, 0x0e, 0x00,
	0x01, 0x00, 0x00, 0x00, 0x04, 0x00, 0x00, 0x00, 0x45, 0x00, 0x00, 0x00,
	0x01, 0xe4, 0x00, 0x00, 0x04, 0x00, 0x00, 0x00, 0x00, 0x00, 0x00, 0x00,
	0x3a, 0x00, 0x00, 0x00, 0x01, 0xe4, 0x00, 0x00, 0x01, 0x00, 0x00, 0x00,
	0x10, 0x00, 0x00, 0x00, 0x35, 0x00, 0x00, 0x00, 0x01, 0xe4, 0x00, 0x00,
	0x01, 0x00, 0x00, 0x00, 0x14, 0x00, 0x00, 0x00, 0x61, 0x50, 0x6f, 0x73,
	0x69, 0x74, 0x69, 0x6f, 0x6e, 0x00, 0x61, 0x54, 0x65, 0x78, 0x43, 0x6f,
	0x6f, 0x72, 0x64, 0x30, 0x00, 0x75, 0x4d, 0x56, 0x50, 0x00, 0x75, 0x46,
	0x6f, 0x67, 0x50, 0x61, 0x72, 0x61, 0x6d, 0x73, 0x00, 0x75, 0x43, 0x6f,
	0x6c, 0x6f, 0x72, 0x00,
};

alignas(4) static const unsigned char gxs_generic_v_u1_c0_f2[] = {
	0x47, 0x58, 0x50, 0x00, 0x01, 0x05, 0x50, 0x03, 0xd4, 0x01, 0x00, 0x00,
	0x1d, 0x91, 0x9c, 0x7d, 0x45, 0x80, 0x4c, 0x63, 0x04, 0x00, 0x19, 0x00,
	0x00, 0x00, 0x00, 0x10, 0x00, 0x00, 0x00, 0x00, 0x00, 0x00, 0x00, 0x00,
	0x05, 0x00, 0x00, 0x00, 0x30, 0x01, 0x00, 0x00, 0x70, 0x00, 0x00, 0x00,
	0x08, 0x00, 0x19, 0x00, 0x00, 0x00, 0x00, 0x00, 0x00, 0x00, 0x01, 0x00,
	0x0e, 0x00, 0x00, 0x00, 0x90, 0x00, 0x00, 0x00, 0x02, 0x00, 0x00, 0x00,
	0x74, 0x00, 0x00, 0x00, 0x80, 0x00, 0x00, 0x00, 0x00, 0x00, 0x00, 0x00,
	0x00, 0x00, 0x00, 0x00, 0x00, 0x00, 0x00, 0x00, 0x01, 0x00, 0x00, 0x00,
	0x00, 0x00, 0x00, 0x00, 0x18, 0x00, 0x00, 0x00, 0xe0, 0x00, 0x00, 0x00,
	0xc0, 0x3d, 0x03, 0x00, 0x01, 0x00, 0x00, 0x00, 0xcc, 0x00, 0x00, 0x00,
	0x00, 0x00, 0x00, 0x00, 0xdc, 0x00, 0x00, 0x00, 0x00, 0x00, 0x00, 0x00,
	0xc4, 0x00, 0x00, 0x00, 0x00, 0x00, 0x00, 0x00, 0xbc, 0x00, 0x00, 0x00,
	0x02, 0x00, 0x00, 0x00, 0xb4, 0x00, 0x00, 0x00, 0x00, 0x00, 0x00, 0x00,
	0x37, 0x00, 0x00, 0x00, 0x00, 0x00, 0x00, 0x00, 0x00, 0x00, 0x00, 0x00,
	0x00, 0x00, 0x00, 0x00, 0x00, 0x18, 0x00, 0x0c, 0x41, 0x00, 0x00, 0x00,
	0x04, 0x00, 0x00, 0x00, 0x00, 0x00, 0x00, 0x00, 0x09, 0x02, 0x04, 0xa2,
	0xa6, 0x00, 0xa4, 0x08, 0x00, 0x00, 0x00, 0x00, 0x40, 0x01, 0x04, 0xf8,
	0x00, 0x00, 0x00, 0x00, 0x00, 0x00, 0x00, 0x00, 0x00, 0x07, 0x44, 0xfa,
	0x80, 0x02, 0x08, 0xc3, 0x21, 0x15, 0x80, 0x38, 0x80, 0x00, 0x10, 0x83,
	0x21, 0x0d, 0x80, 0x38, 0x02, 0x80, 0x81, 0xaf, 0x9c, 0x0d, 0xc0, 0x40,
	0x0e, 0x86, 0xb9, 0xff, 0xbc, 0x0d, 0xc0, 0x40, 0x04, 0x11, 0x49, 0xcf,
	0x80, 0x8f, 0xb1, 0x18, 0x02, 0x11, 0x45, 0xcf, 0x80, 0x8f, 0xb1, 0x18,
	0x00, 0x11, 0x01, 0xc0, 0x81, 0x81, 0xb1, 0x18, 0x01, 0xd1, 0x42, 0xc0,
	0x81, 0x89, 0xb1, 0x18, 0x00, 0x09, 0x80, 0xef, 0x08, 0x00, 0xc1, 0x50,
	0x48, 0xc0, 0x13, 0x7f, 0x80, 0x08, 0x80, 0x00, 0x0c, 0x5f, 0x04, 0x3f,
	0x84, 0x00, 0xa4, 0x08, 0x00, 0x6f, 0x44, 0x11, 0x85, 0x00, 0xa5, 0x08,
	0x00, 0x00, 0x20, 0xa0, 0x00, 0x50, 0x27, 0xfb, 0x00, 0x00, 0x00, 0x00,
	0x00, 0x00, 0x80, 0x3f, 0x0e, 0x00, 0x00, 0x00, 0x00, 0x00, 0x18, 0x00,
	0x13, 0x00, 0x00, 0x00, 0x18, 0x00, 0x01, 0x00, 0x50, 0x00, 0x00, 0x00,
	0x00, 0x04, 0x0b, 0x00, 0x01, 0x00, 0x00, 0x00, 0x00, 0x00, 0x00, 0x00,
	0x4a, 0x00, 0x00, 0x00, 0x00, 0x04, 0x0e, 0x00, 0x01, 0x00, 0x00, 0x00,
	0x04, 0x00, 0x00, 0x00, 0x45, 0x00, 0x00, 0x00, 0x01, 0xe4, 0x00, 0x00,
	0x04, 0x00, 0x00, 0x00, 0x00, 0x00, 0x00, 0x00, 0x3a, 0x00, 0x00, 0x00,
	0x01, 0xe4, 0x00, 0x00, 0x01, 0x00, 0x00, 0x00, 0x10, 0x00, 0x00, 0x00,
	0x35, 0x00, 0x00, 0x00, 0x01, 0xe4, 0x00, 0x00, 0x01, 0x00, 0x00, 0x00,
	0x14, 0x00, 0x00, 0x00, 0x61, 0x50, 0x6f, 0x73, 0x69, 0x74, 0x69, 0x6f,
	0x6e, 0x00, 0x61, 0x54, 0x65, 0x78, 0x43, 0x6f, 0x6f, 0x72, 0x64, 0x30,
	0x00, 0x75, 0x4d, 0x56, 0x50, 0x00, 0x75, 0x46, 0x6f, 0x67, 0x50, 0x61,
	0x72, 0x61, 0x6d, 0x73, 0x00, 0x75, 0x43, 0x6f, 0x6c, 0x6f, 0x72, 0x00,
};

alignas(4) static const unsigned char gxs_generic_v_u1_c1_f0[] = {
	0x47, 0x58, 0x50, 0x00, 0x01, 0x05, 0x50, 0x03, 0x98, 0x01, 0x00, 0x00,
	0xec, 0xf3, 0xf7, 0x5a, 0x45, 0x7f, 0x4c, 0x3f, 0x04, 0x00, 0x19, 0x00,
	0x00, 0x00, 0x00, 0x10, 0x00, 0x00, 0x00, 0x00, 0x00, 0x00, 0x00, 0x00,
	0x05, 0x00, 0x00, 0x00, 0xf8, 0x00, 0x00, 0x00, 0x70, 0x00, 0x00, 0x00,
	0x0c, 0x00, 0x14, 0x00, 0x00, 0x00, 0x00, 0x00, 0x00, 0x00, 0x01, 0x00,
	0x0b, 0x00, 0x00, 0x00, 0x80, 0x00, 0x00, 0x00, 0x00, 0x00, 0x00, 0x00,
	0x74, 0x00, 0x00, 0x00, 0x70, 0x00, 0x00, 0x00, 0x00, 0x00, 0x00, 0x00,
	0x00, 0x00, 0x00, 0x00, 0x00, 0x00, 0x00, 0x00, 0x00, 0x00, 0x00, 0x00,
	0x00, 0x00, 0x00, 0x00, 0x14, 0x00, 0x00, 0x00, 0xb0, 0x00, 0x00, 0x00,
	0xc0, 0x3d, 0x03, 0x00, 0x00, 0x00, 0x00, 0x00, 0xa4, 0x00, 0x00, 0x00,
	0x00, 0x00, 0x00, 0x00, 0xa4, 0x00, 0x00, 0x00, 0x00, 0x00, 0x00, 0x00,
	0x94, 0x00, 0x00, 0x00, 0x00, 0x00, 0x00, 0x00, 0x8c, 0x00, 0x00, 0x00,
	0x01, 0x00, 0x00, 0x00, 0x84, 0x00, 0x00, 0x00, 0x00, 0x00, 0x00, 0x00,
	0xf7, 0x03, 0x00, 0x00, 0x00, 0x00, 0x00, 0x00, 0x00, 0x00, 0x00, 0x00,
	0x00, 0x00, 0x00, 0x00, 0x00, 0x18, 0x00, 0x0a, 0x01, 0x00, 0x00, 0x00,
	0x00, 0x00, 0x00, 0x00, 0x00, 0x00, 0x00, 0x00, 0x00, 0x00, 0x00, 0x00,
	0x00, 0x00, 0x00, 0x00, 0x00, 0x07, 0x44, 0xfa, 0x00, 0x01, 0x10, 0x83,
	0x21, 0x0d, 0x80, 0x38, 0x02, 0x80, 0x81, 0xaf, 0x9c, 0x0d, 0xc0, 0x40,
	0x0e, 0x86, 0xb9, 0xff, 0xbc, 0x0d, 0xc0, 0x40, 0x04, 0x11, 0x49, 0xcf,
	0x80, 0x8f, 0xb1, 0x18, 0x02, 0x11, 0x45, 0xcf, 0x80, 0x8f, 0xb1, 0x18,
	0x00, 0x11, 0x01, 0xc0, 0x81, 0x81, 0xb1, 0x18, 0x01, 0xd1, 0x42, 0xc0,
	0x81, 0x81, 0xb1, 0x18, 0x88, 0x00, 0x84, 0xb0, 0x85, 0x41, 0xa4, 0x08,
	0xc9, 0x00, 0xc4, 0xb0, 0x89, 0x41, 0xc0, 0x08, 0x00, 0x00, 0x20, 0xa0,
	0x00, 0x50, 0x27, 0xfb, 0x0e, 0x00, 0x00, 0x00, 0x00, 0x00, 0x14, 0x00,
	0x50, 0x00, 0x00, 0x00, 0x00, 0x04, 0x0b, 0x00, 0x01, 0x00, 0x00, 0x00,
	0x00, 0x00, 0x00, 0x00, 0x4a, 0x00, 0x00, 0x00, 0x00, 0x04, 0x06, 0x00,
	0x01, 0x00, 0x00, 0x00, 0x04, 0x00, 0x00, 0x00, 0x41, 0x00, 0x00, 0x00,
	0x00, 0x04, 0x0e, 0x00, 0x01, 0x00, 0x00, 0x00, 0x08, 0x00, 0x00, 0x00,
	0x3c, 0x00, 0x00, 0x00, 0x01, 0xe4, 0x00, 0x00, 0x04, 0x00, 0x00, 0x00,
	0x00, 0x00, 0x00, 0x00, 0x31, 0x00, 0x00, 0x00, 0x01, 0xe4, 0x00, 0x00,
	0x01, 0x00, 0x00, 0x00, 0x10, 0x00, 0x00, 0x00, 0x61, 0x50, 0x6f, 0x73,
	0x69, 0x74, 0x69, 0x6f, 0x6e, 0x00, 0x61, 0x43, 0x6f, 0x6c, 0x6f, 0x72,
	0x00, 0x61, 0x54, 0x65, 0x78, 0x43, 0x6f, 0x6f, 0x72, 0x64, 0x30, 0x00,
	0x75, 0x4d, 0x56, 0x50, 0x00, 0x75, 0x43, 0x6f, 0x6c, 0x6f, 0x72, 0x00,
};

alignas(4) static const unsigned char gxs_generic_v_u1_c1_f1[] = {
	0x47, 0x58, 0x50, 0x00, 0x01, 0x05, 0x50, 0x03, 0x1b, 0x02, 0x00, 0x00,
	0xc0, 0xbc, 0x9a, 0xca, 0x45, 0x80, 0x4c, 0x6a, 0x04, 0x00, 0x19, 0x00,
	0x00, 0x00, 0x00, 0x10, 0x00, 0x00, 0x00, 0x00, 0x00, 0x00, 0x00, 0x00,
	0x06, 0x00, 0x00, 0x00, 0x60, 0x01, 0x00, 0x00, 0x70, 0x00, 0x00, 0x00,
	0x0c, 0x00, 0x1a, 0x00, 0x00, 0x00, 0x00, 0x00, 0x00, 0x00, 0x01, 0x00,
	0x13, 0x00, 0x00, 0x00, 0x90, 0x00, 0x00, 0x00, 0x02, 0x00, 0x00, 0x00,
	0x74, 0x00, 0x00, 0x00, 0x80, 0x00, 0x00, 0x00, 0x00, 0x00, 0x00, 0x00,
	0x00, 0x00, 0x00, 0x00, 0x00, 0x00, 0x00, 0x00, 0x02, 0x00, 0x00, 0x00,
	0x00, 0x00, 0x00, 0x00, 0x18, 0x00, 0x00, 0x00, 0x10, 0x01, 0x00, 0x00,
	0xc0, 0x3d, 0x03, 0x00, 0x02, 0x00, 0x00, 0x00, 0xf4, 0x00, 0x00, 0x00,
	0x00, 0x00, 0x00, 0x00, 0x0c, 0x01, 0x00, 0x00, 0x00, 0x00, 0x00, 0x00,
	0xf4, 0x00, 0x00, 0x00, 0x00, 0x00, 0x00, 0x00, 0xec, 0x00, 0x00, 0x00,
	0x02, 0x00, 0x00, 0x00, 0xe4, 0x00, 0x00, 0x00, 0x00, 0x00, 0x00, 0x00,
	0xf7, 0x03, 0x00, 0x00, 0x00, 0x00, 0x00, 0x00, 0x00, 0x00, 0x00, 0x00,
	0x00, 0x00, 0x00, 0x00, 0x00, 0x18, 0x00, 0x0c, 0x41, 0x00, 0x00, 0x00,
	0x04, 0x00, 0x00, 0x00, 0x00, 0x00, 0x00, 0x00, 0x09, 0x02, 0x04, 0xa2,
	0xa6, 0x00, 0xa4, 0x08, 0x00, 0x00, 0x00, 0x00, 0x40, 0x01, 0x04, 0xf8,
	0x00, 0x00, 0x00, 0x00, 0x00, 0x00, 0x00, 0x00, 0x00, 0x07, 0x44, 0xfa,
	0x00, 0x01, 0x10, 0x83, 0x21, 0x0d, 0x80, 0x38, 0x02, 0x80, 0x81, 0xaf,
	0x9c, 0x0d, 0xc0, 0x40, 0x0e, 0x86, 0xb9, 0xff, 0xbc, 0x0d, 0xc0, 0x40,
	0x04, 0x11, 0x49, 0xcf, 0x80, 0x8f, 0xb1, 0x18, 0x02, 0x11, 0x45, 0xcf,
	0x80, 0x8f, 0xb1, 0x18, 0x00, 0x11, 0x01, 0xc0, 0x81, 0x81, 0xb1, 0x18,
	0x01, 0xd1, 0x42, 0xc0, 0x81, 0x89, 0xb1, 0x18, 0x00, 0x09, 0x80, 0xef,
	0x08, 0x00, 0xc1, 0x50, 0x48, 0xc0, 0x13, 0x7f, 0x80, 0x08, 0x80, 0x00,
	0x0c, 0x5f, 0x04, 0x3f, 0x84, 0x18, 0xa4, 0x08, 0x00, 0x6f, 0x04, 0x1f,
	0x84, 0x08, 0xa5, 0x08, 0x3c, 0x80, 0x01, 0x0f, 0x80, 0x88, 0xe1, 0x18,
	0x0c, 0x80, 0x01, 0xcf, 0x80, 0x88, 0xe1, 0x18, 0x01, 0x3e, 0x80, 0x0f,
	0x00, 0x06, 0x80, 0x30, 0x4c, 0x00, 0x5d, 0xc1, 0x95, 0x80, 0xa1, 0x18,
	0x8a, 0x00, 0x84, 0xb0, 0x85, 0x41, 0xa4, 0x08, 0xcb, 0x00, 0xc4, 0xb0,
	0x89, 0x41, 0xc0, 0x08, 0x00, 0x00, 0x20, 0xa0, 0x00, 0x50, 0x27, 0xfb,
	0x00, 0x00, 0x00, 0x00, 0x29, 0x5c, 0xff, 0xc0, 0x01, 0x00, 0x00, 0x00,
	0x00, 0x00, 0x80, 0x3f, 0x0e, 0x00, 0x00, 0x00, 0x00, 0x00, 0x18, 0x00,
	0x13, 0x00, 0x00, 0x00, 0x18, 0x00, 0x02, 0x00, 0x60, 0x00, 0x00, 0x00,
	0x00, 0x04, 0x0b, 0x00, 0x01, 0x00, 0x00, 0x00, 0x00, 0x00, 0x00, 0x00,
	0x5a, 0x00, 0x00, 0x00, 0x00, 0x04, 0x06, 0x00, 0x01, 0x00, 0x00, 0x00,
	0x04, 0x00, 0x00, 0x00, 0x51, 0x00, 0x00, 0x00, 0x00, 0x04, 0x0e, 0x00,
	0x01, 0x00, 0x00, 0x00, 0x08, 0x00, 0x00, 0x00, 0x4c, 0x00, 0x00, 0x00,
	0x01, 0xe4, 0x00, 0x00, 0x04, 0x00, 0x00, 0x00, 0x00, 0x00, 0x00, 0x00,
	0x41, 0x00, 0x00, 0x00, 0x01, 0xe4, 0x00, 0x00, 0x01, 0x00, 0x00, 0x00,
	0x10, 0x00, 0x00, 0x00, 0x3c, 0x00, 0x00, 0x00, 0x01, 0xe4, 0x00, 0x00,
	0x01, 0x00, 0x00, 0x00, 0x14, 0x00, 0x00, 0x00, 0x61, 0x50, 0x6f, 0x73,
	0x69, 0x74, 0x69, 0x6f, 0x6e, 0x00, 0x61, 0x43, 0x6f, 0x6c, 0x6f, 0x72,
	0x00, 0x61, 0x54, 0x65, 0x78, 0x43, 0x6f, 0x6f, 0x72, 0x64, 0x30, 0x00,
	0x75, 0x4d, 0x56, 0x50, 0x00, 0x75, 0x46, 0x6f, 0x67, 0x50, 0x61, 0x72,
	0x61, 0x6d, 0x73, 0x00, 0x75, 0x43, 0x6f, 0x6c, 0x6f, 0x72, 0x00, 0x00,
};

alignas(4) static const unsigned char gxs_generic_v_u1_c1_f2[] = {
	0x47, 0x58, 0x50, 0x00, 0x01, 0x05, 0x50, 0x03, 0xf3, 0x01, 0x00, 0x00,
	0xa6, 0x70, 0x96, 0xb6, 0x45, 0x81, 0x4c, 0x95, 0x04, 0x00, 0x19, 0x00,
	0x00, 0x00, 0x00, 0x10, 0x00, 0x00, 0x00, 0x00, 0x00, 0x00, 0x00, 0x00,
	0x06, 0x00, 0x00, 0x00, 0x38, 0x01, 0x00, 0x00, 0x70, 0x00, 0x00, 0x00,
	0x0c, 0x00, 0x19, 0x00, 0x00, 0x00, 0x00, 0x00, 0x00, 0x00, 0x01, 0x00,
	0x0f, 0x00, 0x00, 0x00, 0x90, 0x00, 0x00, 0x00, 0x02, 0x00, 0x00, 0x00,
	0x74, 0x00, 0x00, 0x00, 0x80, 0x00, 0x00, 0x00, 0x00, 0x00, 0x00, 0x00,
	0x00, 0x00, 0x00, 0x00, 0x00, 0x00, 0x00, 0x00, 0x01, 0x00, 0x00, 0x00,
	0x00, 0x00, 0x00, 0x00, 0x18, 0x00, 0x00, 0x00, 0xe8, 0x00, 0x00, 0x00,
	0xc0, 0x3d, 0x03, 0x00, 0x01, 0x00, 0x00, 0x00, 0xd4, 0x00, 0x00, 0x00,
	0x00, 0x00, 0x00, 0x00, 0xe4, 0x00, 0x00, 0x00, 0x00, 0x00, 0x00, 0x00,
	0xcc, 0x00, 0x00, 0x00, 0x00, 0x00, 0x00, 0x00, 0xc4, 0x00, 0x00, 0x00,
	0x02, 0x00, 0x00, 0x00, 0xbc, 0x00, 0x00, 0x00, 0x00, 0x00, 0x00, 0x00,
	0xf7, 0x03, 0x00, 0x00, 0x00, 0x00, 0x00, 0x00, 0x00, 0x00, 0x00, 0x00,
	0x00, 0x00, 0x00, 0x00, 0x00, 0x18, 0x00, 0x0c, 0x41, 0x00, 0x00, 0x00,
	0x04, 0x00, 0x00, 0x00, 0x00, 0x00, 0x00, 0x00, 0x09, 0x02, 0x04, 0xa2,
	0xa6, 0x00, 0xa4, 0x08, 0x00, 0x00, 0x00, 0x00, 0x40, 0x01, 0x04, 0xf8,
	0x00, 0x00, 0x00, 0x00, 0x00, 0x00, 0x00, 0x00, 0x00, 0x07, 0x44, 0xfa,
	0x00, 0x01, 0x10, 0x83, 0x21, 0x0d, 0x80, 0x38, 0x02, 0x80, 0x81, 0xaf,
	0x9c, 0x0d, 0xc0, 0x40, 0x0e, 0x86, 0xb9, 0xff, 0xbc, 0x0d, 0xc0, 0x40,
	0x04, 0x11, 0x49, 0xcf, 0x80, 0x8f, 0xb1, 0x18, 0x02, 0x11, 0x45, 0xcf,
	0x80, 0x8f, 0xb1, 0x18, 0x00, 0x11, 0x01, 0xc0, 0x81, 0x81, 0xb1, 0x18,
	0x01, 0xd1, 0x42, 0xc0, 0x81, 0x89, 0xb1, 0x18, 0x00, 0x09, 0x80, 0xef,
	0x08, 0x00, 0xc1, 0x50, 0x48, 0xc0, 0x13, 0x7f, 0x80, 0x08, 0x80, 0x00,
	0x0c, 0x5f, 0x04, 0x3f, 0x84, 0x00, 0xa4, 0x08, 0x00, 0x6f, 0x44, 0x11,
	0x85, 0x00, 0xa5, 0x08, 0x8a, 0x00, 0x84, 0xb0, 0x85, 0x41, 0xa4, 0x08,
	0xcb, 0x00, 0xc4, 0xb0, 0x89, 0x41, 0xc0, 0x08, 0x00, 0x00, 0x20, 0xa0,
	0x00, 0x50, 0x27, 0xfb, 0x00, 0x00, 0x00, 0x00, 0x00, 0x00, 0x80, 0x3f,
	0x0e, 0x00, 0x00, 0x00, 0x00, 0x00, 0x18, 0x00, 0x13, 0x00, 0x00, 0x00,
	0x18, 0x00, 0x01, 0x00, 0x60, 0x00, 0x00, 0x00, 0x00, 0x04, 0x0b, 0x00,
	0x01, 0x00, 0x00, 0x00, 0x00, 0x00, 0x00, 0x00, 0x5a, 0x00, 0x00, 0x00,
	0x00, 0x04, 0x06, 0x00, 0x01, 0x00, 0x00, 0x00, 0x04, 0x00, 0x00, 0x00,
	0x51, 0x00, 0x00, 0x00, 0x00, 0x04, 0x0e, 0x00, 0x01, 0x00, 0x00, 0x00,
	0x08, 0x00, 0x00, 0x00, 0x4c, 0x00, 0x00, 0x00, 0x01, 0xe4, 0x00, 0x00,
	0x04, 0x00, 0x00, 0x00, 0x00, 0x00, 0x00, 0x00, 0x41, 0x00, 0x00, 0x00,
	0x01, 0xe4, 0x00, 0x00, 0x01, 0x00, 0x00, 0x00, 0x10, 0x00, 0x00, 0x00,
	0x3c, 0x00, 0x00, 0x00, 0x01, 0xe4, 0x00, 0x00, 0x01, 0x00, 0x00, 0x00,
	0x14, 0x00, 0x00, 0x00, 0x61, 0x50, 0x6f, 0x73, 0x69, 0x74, 0x69, 0x6f,
	0x6e, 0x00, 0x61, 0x43, 0x6f, 0x6c, 0x6f, 0x72, 0x00, 0x61, 0x54, 0x65,
	0x78, 0x43, 0x6f, 0x6f, 0x72, 0x64, 0x30, 0x00, 0x75, 0x4d, 0x56, 0x50,
	0x00, 0x75, 0x46, 0x6f, 0x67, 0x50, 0x61, 0x72, 0x61, 0x6d, 0x73, 0x00,
	0x75, 0x43, 0x6f, 0x6c, 0x6f, 0x72, 0x00, 0x00,
};

alignas(4) static const unsigned char gxs_generic_v_u2_c0_f0[] = {
	0x47, 0x58, 0x50, 0x00, 0x01, 0x05, 0x50, 0x03, 0x9c, 0x01, 0x00, 0x00,
	0x17, 0xdb, 0x83, 0xcd, 0x46, 0x7e, 0x86, 0x0d, 0x00, 0x00, 0x19, 0x00,
	0x00, 0x00, 0x00, 0x10, 0x00, 0x00, 0x00, 0x00, 0x00, 0x00, 0x00, 0x00,
	0x05, 0x00, 0x00, 0x00, 0xf8, 0x00, 0x00, 0x00, 0x70, 0x00, 0x00, 0x00,
	0x0c, 0x00, 0x14, 0x00, 0x00, 0x00, 0x00, 0x00, 0x00, 0x00, 0x01, 0x00,
	0x0b, 0x00, 0x00, 0x00, 0x80, 0x00, 0x00, 0x00, 0x00, 0x00, 0x00, 0x00,
	0x74, 0x00, 0x00, 0x00, 0x70, 0x00, 0x00, 0x00, 0x00, 0x00, 0x00, 0x00,
	0x00, 0x00, 0x00, 0x00, 0x00, 0x00, 0x00, 0x00, 0x00, 0x00, 0x00, 0x00,
	0x00, 0x00, 0x00, 0x00, 0x14, 0x00, 0x00, 0x00, 0xb0, 0x00, 0x00, 0x00,
	0xc0, 0x3d, 0x03, 0x00, 0x00, 0x00, 0x00, 0x00, 0xa4, 0x00, 0x00, 0x00,
	0x00, 0x00, 0x00, 0x00, 0xa4, 0x00, 0x00, 0x00, 0x00, 0x00, 0x00, 0x00,
	0x94, 0x00, 0x00, 0x00, 0x00, 0x00, 0x00, 0x00, 0x8c, 0x00, 0x00, 0x00,
	0x01, 0x00, 0x00, 0x00, 0x84, 0x00, 0x00, 0x00, 0x00, 0x00, 0x00, 0x00,
	0x37, 0x03, 0x00, 0x00, 0x00, 0x00, 0x00, 0x00, 0x00, 0x00, 0x00, 0x00,
	0x00, 0x00, 0x00, 0x00, 0x00, 0x18, 0x00, 0x0c, 0x09, 0x00, 0x00, 0x00,
	0x00, 0x00, 0x00, 0x00, 0x00, 0x00, 0x00, 0x00, 0x00, 0x00, 0x00, 0x00,
	0x00, 0x00, 0x00, 0x00, 0x00, 0x07, 0x44, 0xfa, 0x00, 0x02, 0x08, 0xc3,
	0x21, 0x15, 0x80, 0x38, 0x01, 0x02, 0x01, 0x01, 0x00, 0x00, 0x10, 0xfa,
	0x80, 0x00, 0x10, 0x83, 0x21, 0x1d, 0x80, 0x38, 0x02, 0x80, 0x81, 0xaf,
	0x9c, 0x0d, 0xc0, 0x40, 0x0e, 0x86, 0xb9, 0xff, 0xbc, 0x0d, 0xc0, 0x40,
	0x04, 0x11, 0x49, 0xcf, 0x80, 0x8f, 0xb1, 0x18, 0x02, 0x11, 0x45, 0xcf,
	0x80, 0x8f, 0xb1, 0x18, 0x00, 0x11, 0x01, 0xc0, 0x81, 0x81, 0xb1, 0x18,
	0x01, 0xd1, 0x42, 0xc0, 0x81, 0x81, 0xb1, 0x18, 0x00, 0x00, 0x20, 0xa0,
	0x00, 0x50, 0x27, 0xfb, 0x0e, 0x00, 0x00, 0x00, 0x00, 0x00, 0x14, 0x00,
	0x50, 0x00, 0x00, 0x00, 0x00, 0x04, 0x0b, 0x00, 0x01, 0x00, 0x00, 0x00,
	0x00, 0x00, 0x00, 0x00, 0x4a, 0x00, 0x00, 0x00, 0x00, 0x04, 0x0e, 0x00,
	0x01, 0x00, 0x00, 0x00, 0x04, 0x00, 0x00, 0x00, 0x45, 0x00, 0x00, 0x00,
	0x00, 0x04, 0x0e, 0x01, 0x01, 0x00, 0x00, 0x00, 0x08, 0x00, 0x00, 0x00,
	0x40, 0x00, 0x00, 0x00, 0x01, 0xe4, 0x00, 0x00, 0x04, 0x00, 0x00, 0x00,
	0x00, 0x00, 0x00, 0x00, 0x35, 0x00, 0x00, 0x00, 0x01, 0xe4, 0x00, 0x00,
	0x01, 0x00, 0x00, 0x00, 0x10, 0x00, 0x00, 0x00, 0x61, 0x50, 0x6f, 0x73,
	0x69, 0x74, 0x69, 0x6f, 0x6e, 0x00, 0x61, 0x54, 0x65, 0x78, 0x43, 0x6f,
	0x6f, 0x72, 0x64, 0x30, 0x00, 0x61, 0x54, 0x65, 0x78, 0x43, 0x6f, 0x6f,
	0x72, 0x64, 0x31, 0x00, 0x75, 0x4d, 0x56, 0x50, 0x00, 0x75, 0x43, 0x6f,
	0x6c, 0x6f, 0x72, 0x00,
};

alignas(4) static const unsigned char gxs_generic_v_u2_c0_f1[] = {
	0x47, 0x58, 0x50, 0x00, 0x01, 0x05, 0x50, 0x03, 0x1f, 0x02, 0x00, 0x00,
	0xab, 0xa4, 0x54, 0x7e, 0x46, 0x7f, 0x86, 0x38, 0x00, 0x00, 0x19, 0x00,
	0x00, 0x00, 0x00, 0x10, 0x00, 0x00, 0x00, 0x00, 0x00, 0x00, 0x00, 0x00,
	0x06, 0x00, 0x00, 0x00, 0x60, 0x01, 0x00, 0x00, 0x70, 0x00, 0x00, 0x00,
	0x0c, 0x00, 0x1a, 0x00, 0x00, 0x00, 0x00, 0x00, 0x00, 0x00, 0x01, 0x00,
	0x13, 0x00, 0x00, 0x00, 0x90, 0x00, 0x00, 0x00, 0x02, 0x00, 0x00, 0x00,
	0x74, 0x00, 0x00, 0x00, 0x80, 0x00, 0x00, 0x00, 0x00, 0x00, 0x00, 0x00,
	0x00, 0x00, 0x00, 0x00, 0x00, 0x00, 0x00, 0x00, 0x02, 0x00, 0x00, 0x00,
	0x00, 0x00, 0x00, 0x00, 0x18, 0x00, 0x00, 0x00, 0x10, 0x01, 0x00, 0x00,
	0xc0, 0x3d, 0x03, 0x00, 0x02, 0x00, 0x00, 0x00, 0xf4, 0x00, 0x00, 0x00,
	0x00, 0x00, 0x00, 0x00, 0x0c, 0x01, 0x00, 0x00, 0x00, 0x00, 0x00, 0x00,
	0xf4, 0x00, 0x00, 0x00, 0x00, 0x00, 0x00, 0x00, 0xec, 0x00, 0x00, 0x00,
	0x02, 0x00, 0x00, 0x00, 0xe4, 0x00, 0x00, 0x00, 0x00, 0x00, 0x00, 0x00,
	0x37, 0x03, 0x00, 0x00, 0x00, 0x00, 0x00, 0x00, 0x00, 0x00, 0x00, 0x00,
	0x00, 0x00, 0x00, 0x00, 0x00, 0x18, 0x00, 0x0e, 0x49, 0x00, 0x00, 0x00,
	0x04, 0x00, 0x00, 0x00, 0x00, 0x00, 0x00, 0x00, 0x09, 0x02, 0x04, 0xa2,
	0xa6, 0x00, 0xa4, 0x08, 0x00, 0x00, 0x00, 0x00, 0x40, 0x01, 0x04, 0xf8,
	0x00, 0x00, 0x00, 0x00, 0x00, 0x00, 0x00, 0x00, 0x00, 0x07, 0x44, 0xfa,
	0x80, 0x02, 0x08, 0xc3, 0x21, 0x15, 0x80, 0x38, 0x01, 0x02, 0x01, 0x01,
	0x00, 0x00, 0x10, 0xfa, 0x80, 0x00, 0x10, 0x83, 0x21, 0x1d, 0x80, 0x38,
	0x02, 0x80, 0x81, 0xaf, 0x9c, 0x0d, 0xc0, 0x40, 0x0e, 0x86, 0xb9, 0xff,
	0xbc, 0x0d, 0xc0, 0x40, 0x04, 0x11, 0x49, 0xcf, 0x80, 0x8f, 0xb1, 0x18,
	0x02, 0x11, 0x45, 0xcf, 0x80, 0x8f, 0xb1, 0x18, 0x00, 0x11, 0x01, 0xc0,
	0x81, 0x81, 0xb1, 0x18, 0x01, 0xd1, 0x42, 0xc0, 0x81, 0x89, 0xb1, 0x18,
	0x00, 0x09, 0x80, 0xef, 0x08, 0x00, 0xc1, 0x50, 0x48, 0xc0, 0x13, 0x7f,
	0x80, 0x08, 0x80, 0x00, 0x0c, 0x5f, 0x04, 0x3f, 0x84, 0x18, 0xa4, 0x08,
	0x00, 0x6f, 0x04, 0x1f, 0x84, 0x08, 0xa5, 0x08, 0x3c, 0x80, 0x01, 0x0f,
	0x80, 0x88, 0xe1, 0x18, 0x0c, 0x80, 0x01, 0xcf, 0x80, 0x88, 0xe1, 0x18,
	0x01, 0x3e, 0x80, 0x0f, 0x00, 0x06, 0x80, 0x30, 0x4c, 0x00, 0x9d, 0xc1,
	0x95, 0x80, 0xa1, 0x18, 0x00, 0x00, 0x20, 0xa0, 0x00, 0x50, 0x27, 0xfb,
	0x00, 0x00, 0x00, 0x00, 0x29, 0x5c, 0xff, 0xc0, 0x01, 0x00, 0x00, 0x00,
	0x00, 0x00, 0x80, 0x3f, 0x0e, 0x00, 0x00, 0x00, 0x00, 0x00, 0x18, 0x00,
	0x13, 0x00, 0x00, 0x00, 0x18, 0x00, 0x02, 0x00, 0x60, 0x00, 0x00, 0x00,
	0x00, 0x04, 0x0b, 0x00, 0x01, 0x00, 0x00, 0x00, 0x00, 0x00, 0x00, 0x00,
	0x5a, 0x00, 0x00, 0x00, 0x00, 0x04, 0x0e, 0x00, 0x01, 0x00, 0x00, 0x00,
	0x04, 0x00, 0x00, 0x00, 0x55, 0x00, 0x00, 0x00, 0x00, 0x04, 0x0e, 0x01,
	0x01, 0x00, 0x00, 0x00, 0x08, 0x00, 0x00, 0x00, 0x50, 0x00, 0x00, 0x00,
	0x01, 0xe4, 0x00, 0x00, 0x04, 0x00, 0x00, 0x00, 0x00, 0x00, 0x00, 0x00,
	0x45, 0x00, 0x00, 0x00, 0x01, 0xe4, 0x00, 0x00, 0x01, 0x00, 0x00, 0x00,
	0x10, 0x00, 0x00, 0x00, 0x40, 0x00, 0x00, 0x00, 0x01, 0xe4, 0x00, 0x00,
	0x01, 0x00, 0x00, 0x00, 0x14, 0x00, 0x00, 0x00, 0x61, 0x50, 0x6f, 0x73,
	0x69, 0x74, 0x69, 0x6f, 0x6e, 0x00, 0x61, 0x54, 0x65, 0x78, 0x43, 0x6f,
	0x6f, 0x72, 0x64, 0x30, 0x00, 0x61, 0x54, 0x65, 0x78, 0x43, 0x6f, 0x6f,
	0x72, 0x64, 0x31, 0x00, 0x75, 0x4d, 0x56, 0x50, 0x00, 0x75, 0x46, 0x6f,
	0x67, 0x50, 0x61, 0x72, 0x61, 0x6d, 0x73, 0x00, 0x75, 0x43, 0x6f, 0x6c,
	0x6f, 0x72, 0x00, 0x00,
};

alignas(4) static const unsigned char gxs_generic_v_u2_c0_f2[] = {
	0x47, 0x58, 0x50, 0x00, 0x01, 0x05, 0x50, 0x03, 0xf7, 0x01, 0x00, 0x00,
	0x95, 0x58, 0x42, 0x8a, 0x46, 0x80, 0x86, 0x63, 0x04, 0x00, 0x19, 0x00,
	0x00, 0x00, 0x00, 0x10, 0x00, 0x00, 0x00, 0x00, 0x00, 0x00, 0x00, 0x00,
	0x06, 0x00, 0x00, 0x00, 0x38, 0x01, 0x00, 0x00, 0x70, 0x00, 0x00, 0x00,
	0x0c, 0x00, 0x19, 0x00, 0x00, 0x00, 0x00, 0x00, 0x00, 0x00, 0x01, 0x00,
	0x0f, 0x00, 0x00, 0x00, 0x90, 0x00, 0x00, 0x00, 0x02, 0x00, 0x00, 0x00,
	0x74, 0x00, 0x00, 0x00, 0x80, 0x00, 0x00, 0x00, 0x00, 0x00, 0x00, 0x00,
	0x00, 0x00, 0x00, 0x00, 0x00, 0x00, 0x00, 0x00, 0x01, 0x00, 0x00, 0x00,
	0x00, 0x00, 0x00, 0x00, 0x18, 0x00, 0x00, 0x00, 0xe8, 0x00, 0x00, 0x00,
	0xc0, 0x3d, 0x03, 0x00, 0x01, 0x00, 0x00, 0x00, 0xd4, 0x00, 0x00, 0x00,
	0x00, 0x00, 0x00, 0x00, 0xe4, 0x00, 0x00, 0x00, 0x00, 0x00, 0x00, 0x00,
	0xcc, 0x00, 0x00, 0x00, 0x00, 0x00, 0x00, 0x00, 0xc4, 0x00, 0x00, 0x00,
	0x02, 0x00, 0x00, 0x00, 0xbc, 0x00, 0x00, 0x00, 0x00, 0x00, 0x00, 0x00,
	0x37, 0x03, 0x00, 0x00, 0x00, 0x00, 0x00, 0x00, 0x00, 0x00, 0x00, 0x00,
	0x00, 0x00, 0x00, 0x00, 0x00, 0x18, 0x00, 0x0e, 0x49, 0x00, 0x00, 0x00,
	0x04, 0x00, 0x00, 0x00, 0x00, 0x00, 0x00, 0x00, 0x09, 0x02, 0x04, 0xa2,
	0xa6, 0x00, 0xa4, 0x08, 0x00, 0x00, 0x00, 0x00, 0x40, 0x01, 0x04, 0xf8,
	0x00, 0x00, 0x00, 0x00, 0x00, 0x00, 0x00, 0x00, 0x00, 0x07, 0x44, 0xfa,
	0x80, 0x02, 0x08, 0xc3, 0x21, 0x15, 0x80, 0x38, 0x01, 0x02, 0x01, 0x01,
	0x00, 0x00, 0x10, 0xfa, 0x80, 0x00, 0x10, 0x83, 0x21, 0x1d, 0x80, 0x38,
	0x02, 0x80, 0x81, 0xaf, 0x9c, 0x0d, 0xc0, 0x40, 0x0e, 0x86, 0xb9, 0xff,
	0xbc, 0x0d, 0xc0, 0x40, 0x04, 0x11, 0x49, 0xcf, 0x80, 0x8f, 0xb1, 0x18,
	0x02, 0x11, 0x45, 0xcf, 0x80, 0x8f, 0xb1, 0x18, 0x00, 0x11, 0x01, 0xc0,
	0x81, 0x81, 0xb1, 0x18, 0x01, 0xd1, 0x42, 0xc0, 0x81, 0x89, 0xb1, 0x18,
	0x00, 0x09, 0x80, 0xef, 0x08, 0x00, 0xc1, 0x50, 0x48, 0xc0, 0x13, 0x7f,
	0x80, 0x08, 0x80, 0x00, 0x0c, 0x5f, 0x04, 0x3f, 0x84, 0x00, 0xa4, 0x08,
	0x00, 0x6f, 0x84, 0x11, 0x85, 0x00, 0xa5, 0x08, 0x00, 0x00, 0x20, 0xa0,
	0x00, 0x50, 0x27, 0xfb, 0x00, 0x00, 0x00, 0x00, 0x00, 0x00, 0x80, 0x3f,
	0x0e, 0x00, 0x00, 0x00, 0x00, 0x00, 0x18, 0x00, 0x13, 0x00, 0x00, 0x00,
	0x18, 0x00, 0x01, 0x00, 0x60, 0x00, 0x00, 0x00, 0x00, 0x04, 0x0b, 0x00,
	0x01, 0x00, 0x00, 0x00, 0x00, 0x00, 0x00, 0x00, 0x5a, 0x00, 0x00, 0x00,
	0x00, 0x04, 0x0e, 0x00, 0x01, 0x00, 0x00, 0x00, 0x04, 0x00, 0x00, 0x00,
	0x55, 0x00, 0x00, 0x00, 0x00, 0x04, 0x0e, 0x01, 0x01, 0x00, 0x00, 0x00,
	0x08, 0x00, 0x00, 0x00, 0x50, 0x00, 0x00, 0x00, 0x01, 0xe4, 0x00, 0x00,
	0x04, 0x00, 0x00, 0x00, 0x00, 0x00, 0x00, 0x00, 0x45, 0x00, 0x00, 0x00,
	0x01, 0xe4, 0x00, 0x00, 0x01, 0x00, 0x00, 0x00, 0x10, 0x00, 0x00, 0x00,
	0x40, 0x00, 0x00, 0x00, 0x01, 0xe4, 0x00, 0x00, 0x01, 0x00, 0x00, 0x00,
	0x14, 0x00, 0x00, 0x00, 0x61, 0x50, 0x6f, 0x73, 0x69, 0x74, 0x69, 0x6f,
	0x6e, 0x00, 0x61, 0x54, 0x65, 0x78, 0x43, 0x6f, 0x6f, 0x72, 0x64, 0x30,
	0x00, 0x61, 0x54, 0x65, 0x78, 0x43, 0x6f, 0x6f, 0x72, 0x64, 0x31, 0x00,
	0x75, 0x4d, 0x56, 0x50, 0x00, 0x75, 0x46, 0x6f, 0x67, 0x50, 0x61, 0x72,
	0x61, 0x6d, 0x73, 0x00, 0x75, 0x43, 0x6f, 0x6c, 0x6f, 0x72, 0x00, 0x00,
};

alignas(4) static const unsigned char gxs_generic_v_u2_c1_f0[] = {
	0x47, 0x58, 0x50, 0x00, 0x01, 0x05, 0x50, 0x03, 0xbb, 0x01, 0x00, 0x00,
	0x1a, 0xca, 0xa2, 0x43, 0x46, 0x7f, 0x86, 0x3f, 0x04, 0x00, 0x19, 0x00,
	0x00, 0x00, 0x00, 0x10, 0x00, 0x00, 0x00, 0x00, 0x00, 0x00, 0x00, 0x00,
	0x06, 0x00, 0x00, 0x00, 0x00, 0x01, 0x00, 0x00, 0x70, 0x00, 0x00, 0x00,
	0x10, 0x00, 0x14, 0x00, 0x00, 0x00, 0x00, 0x00, 0x00, 0x00, 0x01, 0x00,
	0x0c, 0x00, 0x00, 0x00, 0x80, 0x00, 0x00, 0x00, 0x00, 0x00, 0x00, 0x00,
	0x74, 0x00, 0x00, 0x00, 0x70, 0x00, 0x00, 0x00, 0x00, 0x00, 0x00, 0x00,
	0x00, 0x00, 0x00, 0x00, 0x00, 0x00, 0x00, 0x00, 0x00, 0x00, 0x00, 0x00,
	0x00, 0x00, 0x00, 0x00, 0x14, 0x00, 0x00, 0x00, 0xb8, 0x00, 0x00, 0x00,
	0xc0, 0x3d, 0x03, 0x00, 0x00, 0x00, 0x00, 0x00, 0xac, 0x00, 0x00, 0x00,
	0x00, 0x00, 0x00, 0x00, 0xac, 0x00, 0x00, 0x00, 0x00, 0x00, 0x00, 0x00,
	0x9c, 0x00, 0x00, 0x00, 0x00, 0x00, 0x00, 0x00, 0x94, 0x00, 0x00, 0x00,
	0x01, 0x00, 0x00, 0x00, 0x8c, 0x00, 0x00, 0x00, 0x00, 0x00, 0x00, 0x00,
	0xf7, 0x33, 0x00, 0x00, 0x00, 0x00, 0x00, 0x00, 0x00, 0x00, 0x00, 0x00,
	0x00, 0x00, 0x00, 0x00, 0x00, 0x18, 0x00, 0x0c, 0x09, 0x00, 0x00, 0x00,
	0x00, 0x00, 0x00, 0x00, 0x00, 0x00, 0x00, 0x00, 0x00, 0x00, 0x00, 0x00,
	0x00, 0x00, 0x00, 0x00, 0x00, 0x07, 0x44, 0xfa, 0x00, 0x01, 0x10, 0x83,
	0x21, 0x05, 0x80, 0x38, 0x80, 0x01, 0x14, 0x83, 0x21, 0x0d, 0x80, 0x38,
	0x02, 0x80, 0x81, 0xaf, 0x9c, 0x0d, 0xc0, 0x40, 0x0e, 0x86, 0xb9, 0xff,
	0xbc, 0x0d, 0xc0, 0x40, 0x04, 0x11, 0x49, 0xcf, 0x80, 0x8f, 0xb1, 0x18,
	0x02, 0x11, 0x45, 0xcf, 0x80, 0x8f, 0xb1, 0x18, 0x00, 0x11, 0x01, 0xc0,
	0x81, 0x81, 0xb1, 0x18, 0x01, 0xd1, 0x42, 0xc0, 0x81, 0x81, 0xb1, 0x18,
	0x88, 0x00, 0x84, 0xb0, 0x85, 0x41, 0xa4, 0x08, 0xc9, 0x00, 0xc4, 0xb0,
	0x89, 0x41, 0xc0, 0x08, 0x00, 0x00, 0x20, 0xa0, 0x00, 0x50, 0x27, 0xfb,
	0x0e, 0x00, 0x00, 0x00, 0x00, 0x00, 0x14, 0x00, 0x60, 0x00, 0x00, 0x00,
	0x00, 0x04, 0x0b, 0x00, 0x01, 0x00, 0x00, 0x00, 0x00, 0x00, 0x00, 0x00,
	0x5a, 0x00, 0x00, 0x00, 0x00, 0x04, 0x06, 0x00, 0x01, 0x00, 0x00, 0x00,
	0x04, 0x00, 0x00, 0x00, 0x51, 0x00, 0x00, 0x00, 0x00, 0x04, 0x0e, 0x00,
	0x01, 0x00, 0x00, 0x00, 0x08, 0x00, 0x00, 0x00, 0x4c, 0x00, 0x00, 0x00,
	0x00, 0x04, 0x0e, 0x01, 0x01, 0x00, 0x00, 0x00, 0x0c, 0x00, 0x00, 0x00,
	0x47, 0x00, 0x00, 0x00, 0x01, 0xe4, 0x00, 0x00, 0x04, 0x00, 0x00, 0x00,
	0x00, 0x00, 0x00, 0x00, 0x3c, 0x00, 0x00, 0x00, 0x01, 0xe4, 0x00, 0x00,
	0x01, 0x00, 0x00, 0x00, 0x10, 0x00, 0x00, 0x00, 0x61, 0x50, 0x6f, 0x73,
	0x69, 0x74, 0x69, 0x6f, 0x6e, 0x00, 0x61, 0x43, 0x6f, 0x6c, 0x6f, 0x72,
	0x00, 0x61, 0x54, 0x65, 0x78, 0x43, 0x6f, 0x6f, 0x72, 0x64, 0x30, 0x00,
	0x61, 0x54, 0x65, 0x78, 0x43, 0x6f, 0x6f, 0x72, 0x64, 0x31, 0x00, 0x75,
	0x4d, 0x56, 0x50, 0x00, 0x75, 0x43, 0x6f, 0x6c, 0x6f, 0x72, 0x00, 0x00,
};

alignas(4) static const unsigned char gxs_generic_v_u2_c1_f1[] = {
	0x47, 0x58, 0x50, 0x00, 0x01, 0x05, 0x50, 0x03, 0x3e, 0x02, 0x00, 0x00,
	0x16, 0xc6, 0x78, 0x96, 0x46, 0x80, 0x86, 0x6a, 0x04, 0x00, 0x19, 0x00,
	0x00, 0x00, 0x00, 0x10, 0x00, 0x00, 0x00, 0x00, 0x00, 0x00, 0x00, 0x00,
	0x07, 0x00, 0x00, 0x00, 0x68, 0x01, 0x00, 0x00, 0x70, 0x00, 0x00, 0x00,
	0x10, 0x00, 0x1a, 0x00, 0x00, 0x00, 0x00, 0x00, 0x00, 0x00, 0x01, 0x00,
	0x14, 0x00, 0x00, 0x00, 0x90, 0x00, 0x00, 0x00, 0x02, 0x00, 0x00, 0x00,
	0x74, 0x00, 0x00, 0x00, 0x80, 0x00, 0x00, 0x00, 0x00, 0x00, 0x00, 0x00,
	0x00, 0x00, 0x00, 0x00, 0x00, 0x00, 0x00, 0x00, 0x02, 0x00, 0x00, 0x00,
	0x00, 0x00, 0x00, 0x00, 0x18, 0x00, 0x00, 0x00, 0x18, 0x01, 0x00, 0x00,
	0xc0, 0x3d, 0x03, 0x00, 0x02, 0x00, 0x00, 0x00, 0xfc, 0x00, 0x00, 0x00,
	0x00, 0x00, 0x00, 0x00, 0x14, 0x01, 0x00, 0x00, 0x00, 0x00, 0x00, 0x00,
	0xfc, 0x00, 0x00, 0x00, 0x00, 0x00, 0x00, 0x00, 0xf4, 0x00, 0x00, 0x00,
	0x02, 0x00, 0x00, 0x00, 0xec, 0x00, 0x00, 0x00, 0x00, 0x00, 0x00, 0x00,
	0xf7, 0x33, 0x00, 0x00, 0x00, 0x00, 0x00, 0x00, 0x00, 0x00, 0x00, 0x00,
	0x00, 0x00, 0x00, 0x00, 0x00, 0x18, 0x00, 0x0e, 0x49, 0x00, 0x00, 0x00,
	0x04, 0x00, 0x00, 0x00, 0x00, 0x00, 0x00, 0x00, 0x09, 0x02, 0x04, 0xa2,
	0xa6, 0x00, 0xa4, 0x08, 0x00, 0x00, 0x00, 0x00, 0x40, 0x01, 0x04, 0xf8,
	0x00, 0x00, 0x00, 0x00, 0x00, 0x00, 0x00, 0x00, 0x00, 0x07, 0x44, 0xfa,
	0x00, 0x01, 0x10, 0x83, 0x21, 0x05, 0x80, 0x38, 0x80, 0x01, 0x14, 0x83,
	0x21, 0x0d, 0x80, 0x38, 0x02, 0x80, 0x81, 0xaf, 0x9c, 0x0d, 0xc0, 0x40,
	0x0e, 0x86, 0xb9, 0xff, 0xbc, 0x0d, 0xc0, 0x40, 0x04, 0x11, 0x49, 0xcf,
	0x80, 0x8f, 0xb1, 0x18, 0x02, 0x11, 0x45, 0xcf, 0x80, 0x8f, 0xb1, 0x18,
	0x00, 0x11, 0x01, 0xc0, 0x81, 0x81, 0xb1, 0x18, 0x01, 0xd1, 0x42, 0xc0,
	0x81, 0x89, 0xb1, 0x18, 0x00, 0x09, 0x80, 0xef, 0x08, 0x00, 0xc1, 0x50,
	0x48, 0xc0, 0x13, 0x7f, 0x80, 0x08, 0x80, 0x00, 0x0c, 0x5f, 0x04, 0x3f,
	0x84, 0x18, 0xa4, 0x08, 0x00, 0x6f, 0x04, 0x1f, 0x84, 0x08, 0xa5, 0x08,
	0x3c, 0x80, 0x01, 0x0f, 0x80, 0x88, 0xe1, 0x18, 0x0c, 0x80, 0x01, 0xcf,
	0x80, 0x88, 0xe1, 0x18, 0x01, 0x3e, 0x80, 0x0f, 0x00, 0x06, 0x80, 0x30,
	0x4c, 0x00, 0x9d, 0xc1, 0x95, 0x80, 0xa1, 0x18, 0x8a, 0x00, 0x84, 0xb0,
	0x85, 0x41, 0xa4, 0x08, 0xcb, 0x00, 0xc4, 0xb0, 0x89, 0x41, 0xc0, 0x08,
	0x00, 0x00, 0x20, 0xa0, 0x00, 0x50, 0x27, 0xfb, 0x00, 0x00, 0x00, 0x00,
	0x29, 0x5c, 0xff, 0xc0, 0x01, 0x00, 0x00, 0x00, 0x00, 0x00, 0x80, 0x3f,
	0x0e, 0x00, 0x00, 0x00, 0x00, 0x00, 0x18, 0x00, 0x13, 0x00, 0x00, 0x00,
	0x18, 0x00, 0x02, 0x00, 0x70, 0x00, 0x00, 0x00, 0x00, 0x04, 0x0b, 0x00,
	0x01, 0x00, 0x00, 0x00, 0x00, 0x00, 0x00, 0x00, 0x6a, 0x00, 0x00, 0x00,
	0x00, 0x04, 0x06, 0x00, 0x01, 0x00, 0x00, 0x00, 0x04, 0x00, 0x00, 0x00,
	0x61, 0x00, 0x00, 0x00, 0x00, 0x04, 0x0e, 0x00, 0x01, 0x00, 0x00, 0x00,
	0x08, 0x00, 0x00, 0x00, 0x5c, 0x00, 0x00, 0x00, 0x00, 0x04, 0x0e, 0x01,
	0x01, 0x00, 0x00, 0x00, 0x0c, 0x00, 0x00, 0x00, 0x57, 0x00, 0x00, 0x00,
	0x01, 0xe4, 0x00, 0x00, 0x04, 0x00, 0x00, 0x00, 0x00, 0x00, 0x00, 0x00,
	0x4c, 0x00, 0x00, 0x00, 0x01, 0xe4, 0x00, 0x00, 0x01, 0x00, 0x00, 0x00,
	0x10, 0x00, 0x00, 0x00, 0x47, 0x00, 0x00, 0x00, 0x01, 0xe4, 0x00, 0x00,
	0x01, 0x00, 0x00, 0x00, 0x14, 0x00, 0x00, 0x00, 0x61, 0x50, 0x6f, 0x73,
	0x69, 0x74, 0x69, 0x6f, 0x6e, 0x00, 0x61, 0x43, 0x6f, 0x6c, 0x6f, 0x72,
	0x00, 0x61, 0x54, 0x65, 0x78, 0x43, 0x6f, 0x6f, 0x72, 0x64, 0x30, 0x00,
	0x61, 0x54, 0x65, 0x78, 0x43, 0x6f, 0x6f, 0x72, 0x64, 0x31, 0x00, 0x75,
	0x4d, 0x56, 0x50, 0x00, 0x75, 0x46, 0x6f, 0x67, 0x50, 0x61, 0x72, 0x61,
	0x6d, 0x73, 0x00, 0x75, 0x43, 0x6f, 0x6c, 0x6f, 0x72, 0x00, 0x00, 0x00,
};

alignas(4) static const unsigned char gxs_generic_v_u2_c1_f2[] = {
	0x47, 0x58, 0x50, 0x00, 0x01, 0x05, 0x50, 0x03, 0x16, 0x02, 0x00, 0x00,
	0xfc, 0x79, 0x9d, 0x36, 0x46, 0x81, 0x86, 0x95, 0x04, 0x00, 0x19, 0x00,
	0x00, 0x00, 0x00, 0x10, 0x00, 0x00, 0x00, 0x00, 0x00, 0x00, 0x00, 0x00,
	0x07, 0x00, 0x00, 0x00, 0x40, 0x01, 0x00, 0x00, 0x70, 0x00, 0x00, 0x00,
	0x10, 0x00, 0x19, 0x00, 0x00, 0x00, 0x00, 0x00, 0x00, 0x00, 0x01, 0x00,
	0x10, 0x00, 0x00, 0x00, 0x90, 0x00, 0x00, 0x00, 0x02, 0x00, 0x00, 0x00,
	0x74, 0x00, 0x00, 0x00, 0x80, 0x00, 0x00, 0x00, 0x00, 0x00, 0x00, 0x00,
	0x00, 0x00, 0x00, 0x00, 0x00, 0x00, 0x00, 0x00, 0x01, 0x00, 0x00, 0x00,
	0x00, 0x00, 0x00, 0x00, 0x18, 0x00, 0x00, 0x00, 0xf0, 0x00, 0x00, 0x00,
	0xc0, 0x3d, 0x03, 0x00, 0x01, 0x00, 0x00, 0x00, 0xdc, 0x00, 0x00, 0x00,
	0x00, 0x00, 0x00, 0x00, 0xec, 0x00, 0x00, 0x00, 0x00, 0x00, 0x00, 0x00,
	0xd4, 0x00, 0x00, 0x00, 0x00, 0x00, 0x00, 0x00, 0xcc, 0x00, 0x00, 0x00,
	0x02, 0x00, 0x00, 0x00, 0xc4, 0x00, 0x00, 0x00, 0x00, 0x00, 0x00, 0x00,
	0xf7, 0x33, 0x00, 0x00, 0x00, 0x00, 0x00, 0x00, 0x00, 0x00, 0x00, 0x00,
	0x00, 0x00, 0x00, 0x00, 0x00, 0x18, 0x00, 0x0e, 0x49, 0x00, 0x00, 0x00,
	0x04, 0x00, 0x00, 0x00, 0x00, 0x00, 0x00, 0x00, 0x09, 0x02, 0x04, 0xa2,
	0xa6, 0x00, 0xa4, 0x08, 0x00, 0x00, 0x00, 0x00, 0x40, 0x01, 0x04, 0xf8,
	0x00, 0x00, 0x00, 0x00, 0x00, 0x00, 0x00, 0x00, 0x00, 0x07, 0x44, 0xfa,
	0x00, 0x01, 0x10, 0x83, 0x21, 0x05, 0x80, 0x38, 0x80, 0x01, 0x14, 0x83,
	0x21, 0x0d, 0x80, 0x38, 0x02, 0x80, 0x81, 0xaf, 0x9c, 0x0d, 0xc0, 0x40,
	0x0e, 0x86, 0xb9, 0xff, 0xbc, 0x0d, 0xc0, 0x40, 0x04, 0x11, 0x49, 0xcf,
	0x80, 0x8f, 0xb1, 0x18, 0x02, 0x11, 0x45, 0xcf, 0x80, 0x8f, 0xb1, 0x18,
	0x00, 0x11, 0x01, 0xc0, 0x81, 0x81, 0xb1, 0x18, 0x01, 0xd1, 0x42, 0xc0,
	0x81, 0x89, 0xb1, 0x18, 0x00, 0x09, 0x80, 0xef, 0x08, 0x00, 0xc1, 0x50,
	0x48, 0xc0, 0x13, 0x7f, 0x80, 0x08, 0x80, 0x00, 0x0c, 0x5f, 0x04, 0x3f,
	0x84, 0x00, 0xa4, 0x08, 0x00, 0x6f, 0x84, 0x11, 0x85, 0x00, 0xa5, 0x08,
	0x8a, 0x00, 0x84, 0xb0, 0x85, 0x41, 0xa4, 0x08, 0xcb, 0x00, 0xc4, 0xb0,
	0x89, 0x41, 0xc0, 0x08, 0x00, 0x00, 0x20, 0xa0, 0x00, 0x50, 0x27, 0xfb,
	0x00, 0x00, 0x00, 0x00, 0x00, 0x00, 0x80, 0x3f, 0x0e, 0x00, 0x00, 0x00,
	0x00, 0x00, 0x18, 0x00, 0x13, 0x00, 0x00, 0x00, 0x18, 0x00, 0x01, 0x00,
	0x70, 0x00, 0x00, 0x00, 0x00, 0x04, 0x0b, 0x00, 0x01, 0x00, 0x00, 0x00,
	0x00, 0x00, 0x00, 0x00, 0x6a, 0x00, 0x00, 0x00, 0x00, 0x04, 0x06, 0x00,
	0x01, 0x00, 0x00, 0x00, 0x04, 0x00, 0x00, 0x00, 0x61, 0x00, 0x00, 0x00,
	0x00, 0x04, 0x0e, 0x00, 0x01, 0x00, 0x00, 0x00, 0x08, 0x00, 0x00, 0x00,
	0x5c, 0x00, 0x00, 0x00, 0x00, 0x04, 0x0e, 0x01, 0x01, 0x00, 0x00, 0x00,
	0x0c, 0x00, 0x00, 0x00, 0x57, 0x00, 0x00, 0x00, 0x01, 0xe4, 0x00, 0x00,
	0x04, 0x00, 0x00, 0x00, 0x00, 0x00, 0x00, 0x00, 0x4c, 0x00, 0x00, 0x00,
	0x01, 0xe4, 0x00, 0x00, 0x01, 0x00, 0x00, 0x00, 0x10, 0x00, 0x00, 0x00,
	0x47, 0x00, 0x00, 0x00, 0x01, 0xe4, 0x00, 0x00, 0x01, 0x00, 0x00, 0x00,
	0x14, 0x00, 0x00, 0x00, 0x61, 0x50, 0x6f, 0x73, 0x69, 0x74, 0x69, 0x6f,
	0x6e, 0x00, 0x61, 0x43, 0x6f, 0x6c, 0x6f, 0x72, 0x00, 0x61, 0x54, 0x65,
	0x78, 0x43, 0x6f, 0x6f, 0x72, 0x64, 0x30, 0x00, 0x61, 0x54, 0x65, 0x78,
	0x43, 0x6f, 0x6f, 0x72, 0x64, 0x31, 0x00, 0x75, 0x4d, 0x56, 0x50, 0x00,
	0x75, 0x46, 0x6f, 0x67, 0x50, 0x61, 0x72, 0x61, 0x6d, 0x73, 0x00, 0x75,
	0x43, 0x6f, 0x6c, 0x6f, 0x72, 0x00, 0x00, 0x00,
};

#endif // GXM_SHADERS_H